env_id,regime,method,seed,paper_horizon,final_step,final_score,best_score,job_id,wall_hours,checkpoint_ok,run_dir
cheetah-run,clean,adaptive_rhs,15,3,500000,905.613,933.242,2010,1.6339,True,/home/goncalo/git/horizonsearch/tdmpc2-jax-codex/outputs/corl_pub_500k_v2/cheetah-run/clean/adaptive_rhs/s15
cheetah-run,chaos,adaptive_rhs,15,3,500000,540.944,582.939,2011,2.1908,True,/home/goncalo/git/horizonsearch/tdmpc2-jax-codex/outputs/corl_pub_500k_v2/cheetah-run/chaos/adaptive_rhs/s15
quadruped-run,clean,adaptive_rhs,15,3,500000,923.768,923.768,2008,2.2486,True,/home/goncalo/git/horizonsearch/tdmpc2-jax-codex/outputs/corl_pub_500k_v2/quadruped-run/clean/adaptive_rhs/s15
quadruped-run,chaos,adaptive_rhs,15,3,500000,810.007,810.007,2009,2.5639,True,/home/goncalo/git/horizonsearch/tdmpc2-jax-codex/outputs/corl_pub_500k_v2/quadruped-run/chaos/adaptive_rhs/s15
cheetah-run,clean,paper_horizon,15,3,500000,850.736,946.516,2018,1.4961,True,/home/goncalo/git/horizonsearch/tdmpc2-jax-codex/outputs/corl_pub_500k_v2/cheetah-run/clean/paper_horizon/s15
cheetah-run,chaos,paper_horizon,15,3,500000,528.19,575.208,2019,1.9486,True,/home/goncalo/git/horizonsearch/tdmpc2-jax-codex/outputs/corl_pub_500k_v2/cheetah-run/chaos/paper_horizon/s15
quadruped-run,clean,paper_horizon,15,3,500000,910.955,911.559,2016,1.9872,True,/home/goncalo/git/horizonsearch/tdmpc2-jax-codex/outputs/corl_pub_500k_v2/quadruped-run/clean/paper_horizon/s15
quadruped-run,chaos,paper_horizon,15,3,500000,576.135,675.891,2017,2.4244,True,/home/goncalo/git/horizonsearch/tdmpc2-jax-codex/outputs/corl_pub_500k_v2/quadruped-run/chaos/paper_horizon/s15
hopper-hop,clean,paper_horizon,15,3,500000,559.276,567.306,2020,1.7308,True,/home/goncalo/git/horizonsearch/tdmpc2-jax-codex/outputs/corl_pub_500k_v2/hopper-hop/clean/paper_horizon/s15
hopper-hop,clean,adaptive_rhs,15,3,500000,357.923,562.039,2022,1.8725,True,/home/goncalo/git/horizonsearch/tdmpc2-jax-codex/outputs/corl_pub_500k_v2/hopper-hop/clean/adaptive_rhs/s15
hopper-hop,chaos,paper_horizon,15,3,500000,158.23,158.23,2024,2.1658,True,/home/goncalo/git/horizonsearch/tdmpc2-jax-codex/outputs/corl_pub_500k_v2/hopper-hop/chaos/paper_horizon/s15
finger-turn_hard,clean,paper_horizon,15,3,500000,884.6,973.1,2031,1.4978,True,/home/goncalo/git/horizonsearch/tdmpc2-jax-codex/outputs/corl_pub_500k_v2/finger-turn_hard/clean/paper_horizon/s15
hopper-hop,chaos,adaptive_rhs,15,3,500000,138.971,155.995,2029,2.5467,True,/home/goncalo/git/horizonsearch/tdmpc2-jax-codex/outputs/corl_pub_500k_v2/hopper-hop/chaos/adaptive_rhs/s15
finger-turn_hard,clean,adaptive_rhs,15,3,500000,928.9,978.15,2032,1.6033,True,/home/goncalo/git/horizonsearch/tdmpc2-jax-codex/outputs/corl_pub_500k_v2/finger-turn_hard/clean/adaptive_rhs/s15
finger-turn_hard,chaos,paper_horizon,15,3,500000,510.1,761.15,2033,1.9692,True,/home/goncalo/git/horizonsearch/tdmpc2-jax-codex/outputs/corl_pub_500k_v2/finger-turn_hard/chaos/paper_horizon/s15
fish-swim,clean,paper_horizon,15,3,500000,645.431,744.201,2035,1.3894,True,/home/goncalo/git/horizonsearch/tdmpc2-jax-codex/outputs/corl_pub_500k_v2/fish-swim/clean/paper_horizon/s15
finger-turn_hard,chaos,adaptive_rhs,15,3,500000,753.45,773.7,2034,2.0622,True,/home/goncalo/git/horizonsearch/tdmpc2-jax-codex/outputs/corl_pub_500k_v2/finger-turn_hard/chaos/adaptive_rhs/s15
fish-swim,clean,adaptive_rhs,15,3,500000,543.236,758.993,2036,1.5189,True,/home/goncalo/git/horizonsearch/tdmpc2-jax-codex/outputs/corl_pub_500k_v2/fish-swim/clean/adaptive_rhs/s15
fish-swim,chaos,paper_horizon,15,3,500000,,,2037,1.8586,True,/home/goncalo/git/horizonsearch/tdmpc2-jax-codex/outputs/corl_pub_500k_v2/fish-swim/chaos/paper_horizon/s15
cartpole-swingup,clean,paper_horizon,15,3,500000,864.486,865.74,2039,1.3714,True,/home/goncalo/git/horizonsearch/tdmpc2-jax-codex/outputs/corl_pub_500k_v2/cartpole-swingup/clean/paper_horizon/s15
fish-swim,chaos,adaptive_rhs,15,3,500000,,,2038,1.8678,True,/home/goncalo/git/horizonsearch/tdmpc2-jax-codex/outputs/corl_pub_500k_v2/fish-swim/chaos/adaptive_rhs/s15
cartpole-swingup,clean,adaptive_rhs,15,3,500000,879.807,882.779,2040,1.8614,True,/home/goncalo/git/horizonsearch/tdmpc2-jax-codex/outputs/corl_pub_500k_v2/cartpole-swingup/clean/adaptive_rhs/s15
cartpole-swingup,chaos,paper_horizon,15,3,500000,859.191,859.191,2041,1.8119,True,/home/goncalo/git/horizonsearch/tdmpc2-jax-codex/outputs/corl_pub_500k_v2/cartpole-swingup/chaos/paper_horizon/s15
quadruped-run,clean,paper_horizon,1,3,500000,881.836,886.147,2043,1.9267,True,/home/goncalo/git/horizonsearch/tdmpc2-jax-codex/outputs/corl_pub_500k_v2/quadruped-run/clean/paper_horizon/s1
cartpole-swingup,chaos,adaptive_rhs,15,3,500000,860.571,860.571,2042,2.1781,True,/home/goncalo/git/horizonsearch/tdmpc2-jax-codex/outputs/corl_pub_500k_v2/cartpole-swingup/chaos/adaptive_rhs/s15
quadruped-run,clean,adaptive_rhs,1,3,500000,913.604,928.672,2044,2.1294,True,/home/goncalo/git/horizonsearch/tdmpc2-jax-codex/outputs/corl_pub_500k_v2/quadruped-run/clean/adaptive_rhs/s1
cheetah-run,clean,paper_horizon,1,3,500000,926.154,926.154,2047,1.5064,True,/home/goncalo/git/horizonsearch/tdmpc2-jax-codex/outputs/corl_pub_500k_v2/cheetah-run/clean/paper_horizon/s1
quadruped-run,chaos,paper_horizon,1,3,500000,660.833,682.96,2045,2.4253,True,/home/goncalo/git/horizonsearch/tdmpc2-jax-codex/outputs/corl_pub_500k_v2/quadruped-run/chaos/paper_horizon/s1
cheetah-run,clean,adaptive_rhs,1,3,500000,946.552,948.966,2048,1.6178,True,/home/goncalo/git/horizonsearch/tdmpc2-jax-codex/outputs/corl_pub_500k_v2/cheetah-run/clean/adaptive_rhs/s1
quadruped-run,chaos,adaptive_rhs,1,3,500000,732.885,732.885,2046,2.6400,True,/home/goncalo/git/horizonsearch/tdmpc2-jax-codex/outputs/corl_pub_500k_v2/quadruped-run/chaos/adaptive_rhs/s1
cheetah-run,chaos,paper_horizon,1,3,500000,354.477,556.085,2049,1.9397,True,/home/goncalo/git/horizonsearch/tdmpc2-jax-codex/outputs/corl_pub_500k_v2/cheetah-run/chaos/paper_horizon/s1
cheetah-run,chaos,adaptive_rhs,1,3,500000,501.057,503.298,2050,2.3636,True,/home/goncalo/git/horizonsearch/tdmpc2-jax-codex/outputs/corl_pub_500k_v2/cheetah-run/chaos/adaptive_rhs/s1
hopper-hop,clean,paper_horizon,1,3,500000,542.805,634.152,2051,1.7208,True,/home/goncalo/git/horizonsearch/tdmpc2-jax-codex/outputs/corl_pub_500k_v2/hopper-hop/clean/paper_horizon/s1
hopper-hop,clean,adaptive_rhs,1,3,500000,570.146,570.146,2052,1.8286,True,/home/goncalo/git/horizonsearch/tdmpc2-jax-codex/outputs/corl_pub_500k_v2/hopper-hop/clean/adaptive_rhs/s1
hopper-hop,chaos,paper_horizon,1,3,500000,166.819,172.614,2053,2.1450,True,/home/goncalo/git/horizonsearch/tdmpc2-jax-codex/outputs/corl_pub_500k_v2/hopper-hop/chaos/paper_horizon/s1
finger-turn_hard,clean,paper_horizon,1,3,500000,772.7,967.1,2055,1.4947,True,/home/goncalo/git/horizonsearch/tdmpc2-jax-codex/outputs/corl_pub_500k_v2/finger-turn_hard/clean/paper_horizon/s1
finger-turn_hard,clean,adaptive_rhs,1,3,500000,918.8,963.3,2056,1.6567,True,/home/goncalo/git/horizonsearch/tdmpc2-jax-codex/outputs/corl_pub_500k_v2/finger-turn_hard/clean/adaptive_rhs/s1
hopper-hop,chaos,adaptive_rhs,1,3,500000,278.097,278.097,2054,2.4625,True,/home/goncalo/git/horizonsearch/tdmpc2-jax-codex/outputs/corl_pub_500k_v2/hopper-hop/chaos/adaptive_rhs/s1
finger-turn_hard,chaos,paper_horizon,1,3,500000,651,651,2057,1.9503,True,/home/goncalo/git/horizonsearch/tdmpc2-jax-codex/outputs/corl_pub_500k_v2/finger-turn_hard/chaos/paper_horizon/s1
fish-swim,clean,paper_horizon,1,3,500000,648.558,731.555,2059,1.4044,True,/home/goncalo/git/horizonsearch/tdmpc2-jax-codex/outputs/corl_pub_500k_v2/fish-swim/clean/paper_horizon/s1
finger-turn_hard,chaos,adaptive_rhs,1,3,500000,448.7,741.85,2058,2.0511,True,/home/goncalo/git/horizonsearch/tdmpc2-jax-codex/outputs/corl_pub_500k_v2/finger-turn_hard/chaos/adaptive_rhs/s1
fish-swim,clean,adaptive_rhs,1,3,500000,658.269,712.947,2060,1.5214,True,/home/goncalo/git/horizonsearch/tdmpc2-jax-codex/outputs/corl_pub_500k_v2/fish-swim/clean/adaptive_rhs/s1
fish-swim,chaos,paper_horizon,1,3,500000,,,2061,1.8300,True,/home/goncalo/git/horizonsearch/tdmpc2-jax-codex/outputs/corl_pub_500k_v2/fish-swim/chaos/paper_horizon/s1
fish-swim,chaos,adaptive_rhs,1,3,500000,,,2062,1.8769,True,/home/goncalo/git/horizonsearch/tdmpc2-jax-codex/outputs/corl_pub_500k_v2/fish-swim/chaos/adaptive_rhs/s1
cartpole-swingup,clean,paper_horizon,1,3,500000,882.118,882.315,2064,1.3750,True,/home/goncalo/git/horizonsearch/tdmpc2-jax-codex/outputs/corl_pub_500k_v2/cartpole-swingup/clean/paper_horizon/s1
cartpole-swingup,clean,adaptive_rhs,1,3,500000,864.924,867.651,2065,1.9489,True,/home/goncalo/git/horizonsearch/tdmpc2-jax-codex/outputs/corl_pub_500k_v2/cartpole-swingup/clean/adaptive_rhs/s1
cartpole-swingup,chaos,paper_horizon,1,3,500000,814.092,857.027,2066,1.7642,True,/home/goncalo/git/horizonsearch/tdmpc2-jax-codex/outputs/corl_pub_500k_v2/cartpole-swingup/chaos/paper_horizon/s1
cartpole-swingup,chaos,adaptive_rhs,1,3,500000,816.386,860.476,2068,2.0417,True,/home/goncalo/git/horizonsearch/tdmpc2-jax-codex/outputs/corl_pub_500k_v2/cartpole-swingup/chaos/adaptive_rhs/s1
quadruped-run,clean,paper_horizon,7,3,500000,879.293,879.293,2072,1.9550,True,/home/goncalo/git/horizonsearch/tdmpc2-jax-codex/outputs/corl_pub_500k_v2/quadruped-run/clean/paper_horizon/s7
quadruped-run,clean,adaptive_rhs,7,3,500000,839.896,839.896,2073,2.0992,True,/home/goncalo/git/horizonsearch/tdmpc2-jax-codex/outputs/corl_pub_500k_v2/quadruped-run/clean/adaptive_rhs/s7
quadruped-run,chaos,paper_horizon,7,3,500000,807.768,807.768,2074,2.4144,True,/home/goncalo/git/horizonsearch/tdmpc2-jax-codex/outputs/corl_pub_500k_v2/quadruped-run/chaos/paper_horizon/s7
cheetah-run,clean,paper_horizon,7,3,500000,943.961,943.961,2076,1.5033,True,/home/goncalo/git/horizonsearch/tdmpc2-jax-codex/outputs/corl_pub_500k_v2/cheetah-run/clean/paper_horizon/s7
cheetah-run,clean,adaptive_rhs,7,3,500000,942.65,946.169,2077,1.6353,True,/home/goncalo/git/horizonsearch/tdmpc2-jax-codex/outputs/corl_pub_500k_v2/cheetah-run/clean/adaptive_rhs/s7
quadruped-run,chaos,adaptive_rhs,7,3,500000,722.116,722.116,2075,2.5597,True,/home/goncalo/git/horizonsearch/tdmpc2-jax-codex/outputs/corl_pub_500k_v2/quadruped-run/chaos/adaptive_rhs/s7
cheetah-run,chaos,paper_horizon,7,3,500000,515.359,571.627,2078,1.9381,True,/home/goncalo/git/horizonsearch/tdmpc2-jax-codex/outputs/corl_pub_500k_v2/cheetah-run/chaos/paper_horizon/s7
hopper-hop,clean,paper_horizon,7,3,500000,514.885,574.562,2082,1.7144,True,/home/goncalo/git/horizonsearch/tdmpc2-jax-codex/outputs/corl_pub_500k_v2/hopper-hop/clean/paper_horizon/s7
cheetah-run,chaos,adaptive_rhs,7,3,500000,595.944,632.229,2081,2.1036,True,/home/goncalo/git/horizonsearch/tdmpc2-jax-codex/outputs/corl_pub_500k_v2/cheetah-run/chaos/adaptive_rhs/s7
hopper-hop,clean,adaptive_rhs,7,3,500000,469.663,483.656,2083,1.8572,True,/home/goncalo/git/horizonsearch/tdmpc2-jax-codex/outputs/corl_pub_500k_v2/hopper-hop/clean/adaptive_rhs/s7
hopper-hop,chaos,paper_horizon,7,3,500000,292.399,292.399,2084,2.1378,True,/home/goncalo/git/horizonsearch/tdmpc2-jax-codex/outputs/corl_pub_500k_v2/hopper-hop/chaos/paper_horizon/s7
finger-turn_hard,clean,paper_horizon,7,3,500000,818.2,971.6,2086,1.5031,True,/home/goncalo/git/horizonsearch/tdmpc2-jax-codex/outputs/corl_pub_500k_v2/finger-turn_hard/clean/paper_horizon/s7
finger-turn_hard,clean,adaptive_rhs,7,3,500000,916.95,924.4,2087,1.6036,True,/home/goncalo/git/horizonsearch/tdmpc2-jax-codex/outputs/corl_pub_500k_v2/finger-turn_hard/clean/adaptive_rhs/s7
hopper-hop,chaos,adaptive_rhs,7,3,500000,159.09,159.648,2085,2.5819,True,/home/goncalo/git/horizonsearch/tdmpc2-jax-codex/outputs/corl_pub_500k_v2/hopper-hop/chaos/adaptive_rhs/s7
finger-turn_hard,chaos,paper_horizon,7,3,500000,580.45,778.55,2088,1.9353,True,/home/goncalo/git/horizonsearch/tdmpc2-jax-codex/outputs/corl_pub_500k_v2/finger-turn_hard/chaos/paper_horizon/s7
fish-swim,clean,paper_horizon,7,3,500000,723.557,773.738,2090,1.4208,True,/home/goncalo/git/horizonsearch/tdmpc2-jax-codex/outputs/corl_pub_500k_v2/fish-swim/clean/paper_horizon/s7
finger-turn_hard,chaos,adaptive_rhs,7,3,500000,838.75,838.75,2089,2.2081,True,/home/goncalo/git/horizonsearch/tdmpc2-jax-codex/outputs/corl_pub_500k_v2/finger-turn_hard/chaos/adaptive_rhs/s7
fish-swim,clean,adaptive_rhs,7,3,500000,674.227,749.367,2091,1.5108,True,/home/goncalo/git/horizonsearch/tdmpc2-jax-codex/outputs/corl_pub_500k_v2/fish-swim/clean/adaptive_rhs/s7
fish-swim,chaos,paper_horizon,7,3,500000,,,2092,1.8397,True,/home/goncalo/git/horizonsearch/tdmpc2-jax-codex/outputs/corl_pub_500k_v2/fish-swim/chaos/paper_horizon/s7
cartpole-swingup,clean,paper_horizon,7,3,500000,878.423,882.838,2094,1.3653,True,/home/goncalo/git/horizonsearch/tdmpc2-jax-codex/outputs/corl_pub_500k_v2/cartpole-swingup/clean/paper_horizon/s7
fish-swim,chaos,adaptive_rhs,7,3,500000,,,2093,1.9403,True,/home/goncalo/git/horizonsearch/tdmpc2-jax-codex/outputs/corl_pub_500k_v2/fish-swim/chaos/adaptive_rhs/s7
cartpole-swingup,clean,adaptive_rhs,7,3,500000,882.384,882.384,2095,1.6233,True,/home/goncalo/git/horizonsearch/tdmpc2-jax-codex/outputs/corl_pub_500k_v2/cartpole-swingup/clean/adaptive_rhs/s7
cartpole-swingup,chaos,paper_horizon,7,3,500000,856.469,859.344,2096,1.7828,True,/home/goncalo/git/horizonsearch/tdmpc2-jax-codex/outputs/corl_pub_500k_v2/cartpole-swingup/chaos/paper_horizon/s7
cartpole-swingup,chaos,adaptive_rhs,7,3,500000,861.539,861.539,2097,2.1478,True,/home/goncalo/git/horizonsearch/tdmpc2-jax-codex/outputs/corl_pub_500k_v2/cartpole-swingup/chaos/adaptive_rhs/s7
