timestamp,event,run_id,status,job_id,attempt,env_id,regime,method,seed,paper_horizon,run_dir,launcher,git_commit,remote_commit,slurm_state,final_step,final_score,best_score,auc,wall_hours,checkpoint_ok,notes
2026-05-11T13:36:18+00:00,launch,setup_checkpoint_resume_smoke,launched,2007,1,cartpole-swingup,clean,checkpoint_resume_smoke,15,3,/home/goncalo/git/horizonsearch/tdmpc2-jax-codex/outputs/corl_pub_setup_v2/checkpoint_resume_smoke,scripts/ncc_corl_checkpoint_resume_smoke.sbatch,a1c43235adf581168ba215d0561a545c61f23f29,a1c43235adf581168ba215d0561a545c61f23f29,,,,,,,,setup smoke
2026-05-11T13:57:46+00:00,completed,setup_checkpoint_resume_smoke,passed,2007,1,cartpole-swingup,clean,checkpoint_resume_smoke,15,3,/home/goncalo/git/horizonsearch/tdmpc2-jax-codex/outputs/corl_pub_setup_v2/checkpoint_resume_smoke,scripts/ncc_corl_checkpoint_resume_smoke.sbatch,a1c43235adf581168ba215d0561a545c61f23f29,a1c43235adf581168ba215d0561a545c61f23f29,COMPLETED,0,,,,0.2944,True,checkpoint resume smoke passed
2026-05-11T13:58:02+00:00,launch,corl500k__quadruped-run__clean__adaptive_rhs__s15,launched,2008,1,quadruped-run,clean,adaptive_rhs,15,3,/home/goncalo/git/horizonsearch/tdmpc2-jax-codex/outputs/corl_pub_500k_v2/quadruped-run/clean/adaptive_rhs/s15,scripts/ncc_corl_adaptive_rhs_500k.sbatch,94b28228132599a660f2eb4ae75bf1f5d24c5df5,94b28228132599a660f2eb4ae75bf1f5d24c5df5,,,,,,,,500k full profile
2026-05-11T13:58:03+00:00,launch,corl500k__quadruped-run__chaos__adaptive_rhs__s15,launched,2009,1,quadruped-run,chaos,adaptive_rhs,15,3,/home/goncalo/git/horizonsearch/tdmpc2-jax-codex/outputs/corl_pub_500k_v2/quadruped-run/chaos/adaptive_rhs/s15,scripts/ncc_corl_adaptive_rhs_500k.sbatch,94b28228132599a660f2eb4ae75bf1f5d24c5df5,94b28228132599a660f2eb4ae75bf1f5d24c5df5,,,,,,,,500k full profile
2026-05-11T13:58:03+00:00,launch,corl500k__cheetah-run__clean__adaptive_rhs__s15,launched,2010,1,cheetah-run,clean,adaptive_rhs,15,3,/home/goncalo/git/horizonsearch/tdmpc2-jax-codex/outputs/corl_pub_500k_v2/cheetah-run/clean/adaptive_rhs/s15,scripts/ncc_corl_adaptive_rhs_500k.sbatch,94b28228132599a660f2eb4ae75bf1f5d24c5df5,94b28228132599a660f2eb4ae75bf1f5d24c5df5,,,,,,,,500k full profile
2026-05-11T13:58:04+00:00,launch,corl500k__cheetah-run__chaos__adaptive_rhs__s15,launched,2011,1,cheetah-run,chaos,adaptive_rhs,15,3,/home/goncalo/git/horizonsearch/tdmpc2-jax-codex/outputs/corl_pub_500k_v2/cheetah-run/chaos/adaptive_rhs/s15,scripts/ncc_corl_adaptive_rhs_500k.sbatch,94b28228132599a660f2eb4ae75bf1f5d24c5df5,94b28228132599a660f2eb4ae75bf1f5d24c5df5,,,,,,,,500k full profile
2026-05-11T16:11:54+00:00,completed,corl500k__cheetah-run__clean__adaptive_rhs__s15,completed,2010,1,cheetah-run,clean,adaptive_rhs,15,3,/home/goncalo/git/horizonsearch/tdmpc2-jax-codex/outputs/corl_pub_500k_v2/cheetah-run/clean/adaptive_rhs/s15,scripts/ncc_corl_adaptive_rhs_500k.sbatch,94b28228132599a660f2eb4ae75bf1f5d24c5df5,94b28228132599a660f2eb4ae75bf1f5d24c5df5,COMPLETED,500000,905.61279296875,933.2421875,795.4776550292969,1.6339,True,completed full 500k profile
2026-05-11T16:11:55+00:00,completed,corl500k__cheetah-run__chaos__adaptive_rhs__s15,completed,2011,1,cheetah-run,chaos,adaptive_rhs,15,3,/home/goncalo/git/horizonsearch/tdmpc2-jax-codex/outputs/corl_pub_500k_v2/cheetah-run/chaos/adaptive_rhs/s15,scripts/ncc_corl_adaptive_rhs_500k.sbatch,94b28228132599a660f2eb4ae75bf1f5d24c5df5,94b28228132599a660f2eb4ae75bf1f5d24c5df5,COMPLETED,500000,540.9439697265625,582.9393310546875,383.49269409179686,2.1908,True,completed full 500k profile
2026-05-11T16:13:03+00:00,completed,corl500k__quadruped-run__clean__adaptive_rhs__s15,completed,2008,1,quadruped-run,clean,adaptive_rhs,15,3,/home/goncalo/git/horizonsearch/tdmpc2-jax-codex/outputs/corl_pub_500k_v2/quadruped-run/clean/adaptive_rhs/s15,scripts/ncc_corl_adaptive_rhs_500k.sbatch,94b28228132599a660f2eb4ae75bf1f5d24c5df5,94b28228132599a660f2eb4ae75bf1f5d24c5df5,COMPLETED,500000,923.7684326171875,923.7684326171875,717.1008171081543,2.2486,True,completed full 500k profile
2026-05-11T16:34:17+00:00,completed,corl500k__quadruped-run__chaos__adaptive_rhs__s15,completed,2009,1,quadruped-run,chaos,adaptive_rhs,15,3,/home/goncalo/git/horizonsearch/tdmpc2-jax-codex/outputs/corl_pub_500k_v2/quadruped-run/chaos/adaptive_rhs/s15,scripts/ncc_corl_adaptive_rhs_500k.sbatch,94b28228132599a660f2eb4ae75bf1f5d24c5df5,94b28228132599a660f2eb4ae75bf1f5d24c5df5,COMPLETED,500000,810.0067138671875,810.0067138671875,498.6997745513916,2.5639,True,completed full 500k profile
2026-05-11T16:34:33+00:00,launch,corl500k__quadruped-run__clean__paper_horizon__s15,launched,2016,1,quadruped-run,clean,paper_horizon,15,3,/home/goncalo/git/horizonsearch/tdmpc2-jax-codex/outputs/corl_pub_500k_v2/quadruped-run/clean/paper_horizon/s15,scripts/ncc_corl_paper_horizon_500k.sbatch,b9c3697591c152418a7a00b9edcfa0d3d55b4ac1,b9c3697591c152418a7a00b9edcfa0d3d55b4ac1,,,,,,,,500k full profile
2026-05-11T16:34:34+00:00,launch,corl500k__quadruped-run__chaos__paper_horizon__s15,launched,2017,1,quadruped-run,chaos,paper_horizon,15,3,/home/goncalo/git/horizonsearch/tdmpc2-jax-codex/outputs/corl_pub_500k_v2/quadruped-run/chaos/paper_horizon/s15,scripts/ncc_corl_paper_horizon_500k.sbatch,b9c3697591c152418a7a00b9edcfa0d3d55b4ac1,b9c3697591c152418a7a00b9edcfa0d3d55b4ac1,,,,,,,,500k full profile
2026-05-11T16:34:35+00:00,launch,corl500k__cheetah-run__clean__paper_horizon__s15,launched,2018,1,cheetah-run,clean,paper_horizon,15,3,/home/goncalo/git/horizonsearch/tdmpc2-jax-codex/outputs/corl_pub_500k_v2/cheetah-run/clean/paper_horizon/s15,scripts/ncc_corl_paper_horizon_500k.sbatch,b9c3697591c152418a7a00b9edcfa0d3d55b4ac1,b9c3697591c152418a7a00b9edcfa0d3d55b4ac1,,,,,,,,500k full profile
2026-05-11T16:34:36+00:00,launch,corl500k__cheetah-run__chaos__paper_horizon__s15,launched,2019,1,cheetah-run,chaos,paper_horizon,15,3,/home/goncalo/git/horizonsearch/tdmpc2-jax-codex/outputs/corl_pub_500k_v2/cheetah-run/chaos/paper_horizon/s15,scripts/ncc_corl_paper_horizon_500k.sbatch,b9c3697591c152418a7a00b9edcfa0d3d55b4ac1,b9c3697591c152418a7a00b9edcfa0d3d55b4ac1,,,,,,,,500k full profile
2026-05-11T18:06:14+00:00,launch,corl500k__hopper-hop__clean__paper_horizon__s15,launched,2020,1,hopper-hop,clean,paper_horizon,15,3,/home/goncalo/git/horizonsearch/tdmpc2-jax-codex/outputs/corl_pub_500k_v2/hopper-hop/clean/paper_horizon/s15,scripts/ncc_corl_paper_horizon_500k.sbatch,e5af6792092a4e8130c6638299749e7eeebeb0d9,e5af6792092a4e8130c6638299749e7eeebeb0d9,,,,,,,,500k full profile
2026-05-11T18:07:47+00:00,completed,corl500k__cheetah-run__clean__paper_horizon__s15,completed,2018,1,cheetah-run,clean,paper_horizon,15,3,/home/goncalo/git/horizonsearch/tdmpc2-jax-codex/outputs/corl_pub_500k_v2/cheetah-run/clean/paper_horizon/s15,scripts/ncc_corl_paper_horizon_500k.sbatch,b9c3697591c152418a7a00b9edcfa0d3d55b4ac1,b9c3697591c152418a7a00b9edcfa0d3d55b4ac1,COMPLETED,500000,850.7359619140625,946.5159301757812,739.8451232910156,1.4961,True,completed full 500k profile
2026-05-11T18:32:43+00:00,completed,corl500k__cheetah-run__chaos__paper_horizon__s15,completed,2019,1,cheetah-run,chaos,paper_horizon,15,3,/home/goncalo/git/horizonsearch/tdmpc2-jax-codex/outputs/corl_pub_500k_v2/cheetah-run/chaos/paper_horizon/s15,scripts/ncc_corl_paper_horizon_500k.sbatch,b9c3697591c152418a7a00b9edcfa0d3d55b4ac1,b9c3697591c152418a7a00b9edcfa0d3d55b4ac1,COMPLETED,500000,528.18994140625,575.20751953125,382.6977264404297,1.9486,True,completed full 500k profile
2026-05-11T18:32:55+00:00,launch,corl500k__hopper-hop__clean__adaptive_rhs__s15,launched,2022,1,hopper-hop,clean,adaptive_rhs,15,3,/home/goncalo/git/horizonsearch/tdmpc2-jax-codex/outputs/corl_pub_500k_v2/hopper-hop/clean/adaptive_rhs/s15,scripts/ncc_corl_adaptive_rhs_500k.sbatch,31b5669819712dd9942cd7279f2b30530e8e8c6d,31b5669819712dd9942cd7279f2b30530e8e8c6d,,,,,,,,500k full profile
2026-05-11T18:38:14+00:00,completed,corl500k__quadruped-run__clean__paper_horizon__s15,completed,2016,1,quadruped-run,clean,paper_horizon,15,3,/home/goncalo/git/horizonsearch/tdmpc2-jax-codex/outputs/corl_pub_500k_v2/quadruped-run/clean/paper_horizon/s15,scripts/ncc_corl_paper_horizon_500k.sbatch,b9c3697591c152418a7a00b9edcfa0d3d55b4ac1,b9c3697591c152418a7a00b9edcfa0d3d55b4ac1,COMPLETED,500000,910.9554443359375,911.5594482421875,613.893305015564,1.9872,True,completed full 500k profile
2026-05-11T18:38:25+00:00,launch,corl500k__hopper-hop__chaos__paper_horizon__s15,launched,2024,1,hopper-hop,chaos,paper_horizon,15,3,/home/goncalo/git/horizonsearch/tdmpc2-jax-codex/outputs/corl_pub_500k_v2/hopper-hop/chaos/paper_horizon/s15,scripts/ncc_corl_paper_horizon_500k.sbatch,907bf39c553891cc19f51b2e3c83a1f4f63b001b,907bf39c553891cc19f51b2e3c83a1f4f63b001b,,,,,,,,500k full profile
2026-05-11T19:03:16+00:00,completed,corl500k__quadruped-run__chaos__paper_horizon__s15,completed,2017,1,quadruped-run,chaos,paper_horizon,15,3,/home/goncalo/git/horizonsearch/tdmpc2-jax-codex/outputs/corl_pub_500k_v2/quadruped-run/chaos/paper_horizon/s15,scripts/ncc_corl_paper_horizon_500k.sbatch,b9c3697591c152418a7a00b9edcfa0d3d55b4ac1,b9c3697591c152418a7a00b9edcfa0d3d55b4ac1,COMPLETED,500000,576.1348876953125,675.8912353515625,496.8342658996582,2.4244,True,completed full 500k profile
2026-05-11T19:03:28+00:00,launch,corl500k__hopper-hop__chaos__adaptive_rhs__s15,launched,2029,1,hopper-hop,chaos,adaptive_rhs,15,3,/home/goncalo/git/horizonsearch/tdmpc2-jax-codex/outputs/corl_pub_500k_v2/hopper-hop/chaos/adaptive_rhs/s15,scripts/ncc_corl_adaptive_rhs_500k.sbatch,a0ff4833b012d086ac78f0f2d18169bbd7069af7,a0ff4833b012d086ac78f0f2d18169bbd7069af7,,,,,,,,500k full profile
2026-05-11T19:53:45+00:00,completed,corl500k__hopper-hop__clean__paper_horizon__s15,completed,2020,1,hopper-hop,clean,paper_horizon,15,3,/home/goncalo/git/horizonsearch/tdmpc2-jax-codex/outputs/corl_pub_500k_v2/hopper-hop/clean/paper_horizon/s15,scripts/ncc_corl_paper_horizon_500k.sbatch,e5af6792092a4e8130c6638299749e7eeebeb0d9,e5af6792092a4e8130c6638299749e7eeebeb0d9,COMPLETED,500000,559.2755126953125,567.3057250976562,316.3037506982684,1.7308,True,completed full 500k profile
2026-05-11T19:53:57+00:00,launch,corl500k__finger-turn_hard__clean__paper_horizon__s15,launched,2031,1,finger-turn_hard,clean,paper_horizon,15,3,/home/goncalo/git/horizonsearch/tdmpc2-jax-codex/outputs/corl_pub_500k_v2/finger-turn_hard/clean/paper_horizon/s15,scripts/ncc_corl_paper_horizon_500k.sbatch,ced42b0e5f270c0edbc9c4ba3a3bcb1eec03e06e,ced42b0e5f270c0edbc9c4ba3a3bcb1eec03e06e,,,,,,,,500k full profile
2026-05-11T20:29:15+00:00,completed,corl500k__hopper-hop__clean__adaptive_rhs__s15,completed,2022,1,hopper-hop,clean,adaptive_rhs,15,3,/home/goncalo/git/horizonsearch/tdmpc2-jax-codex/outputs/corl_pub_500k_v2/hopper-hop/clean/adaptive_rhs/s15,scripts/ncc_corl_adaptive_rhs_500k.sbatch,31b5669819712dd9942cd7279f2b30530e8e8c6d,31b5669819712dd9942cd7279f2b30530e8e8c6d,COMPLETED,500000,357.9227294921875,562.0385131835938,335.30341943204405,1.8725,True,completed full 500k profile
2026-05-11T20:29:27+00:00,launch,corl500k__finger-turn_hard__clean__adaptive_rhs__s15,launched,2032,1,finger-turn_hard,clean,adaptive_rhs,15,3,/home/goncalo/git/horizonsearch/tdmpc2-jax-codex/outputs/corl_pub_500k_v2/finger-turn_hard/clean/adaptive_rhs/s15,scripts/ncc_corl_adaptive_rhs_500k.sbatch,4bf090ef4e138a5f61fe061500f159fc2d10160e,4bf090ef4e138a5f61fe061500f159fc2d10160e,,,,,,,,500k full profile
2026-05-11T20:49:12+00:00,completed,corl500k__hopper-hop__chaos__paper_horizon__s15,completed,2024,1,hopper-hop,chaos,paper_horizon,15,3,/home/goncalo/git/horizonsearch/tdmpc2-jax-codex/outputs/corl_pub_500k_v2/hopper-hop/chaos/paper_horizon/s15,scripts/ncc_corl_paper_horizon_500k.sbatch,907bf39c553891cc19f51b2e3c83a1f4f63b001b,907bf39c553891cc19f51b2e3c83a1f4f63b001b,COMPLETED,500000,158.22964477539062,158.22964477539062,82.59752605184913,2.1658,True,completed full 500k profile
2026-05-11T20:49:24+00:00,launch,corl500k__finger-turn_hard__chaos__paper_horizon__s15,launched,2033,1,finger-turn_hard,chaos,paper_horizon,15,3,/home/goncalo/git/horizonsearch/tdmpc2-jax-codex/outputs/corl_pub_500k_v2/finger-turn_hard/chaos/paper_horizon/s15,scripts/ncc_corl_paper_horizon_500k.sbatch,f2b02df8b3a9db29f94183b4b1d16b3c57665e18,f2b02df8b3a9db29f94183b4b1d16b3c57665e18,,,,,,,,500k full profile
2026-05-11T21:24:14+00:00,completed,corl500k__finger-turn_hard__clean__paper_horizon__s15,completed,2031,1,finger-turn_hard,clean,paper_horizon,15,3,/home/goncalo/git/horizonsearch/tdmpc2-jax-codex/outputs/corl_pub_500k_v2/finger-turn_hard/clean/paper_horizon/s15,scripts/ncc_corl_paper_horizon_500k.sbatch,ced42b0e5f270c0edbc9c4ba3a3bcb1eec03e06e,ced42b0e5f270c0edbc9c4ba3a3bcb1eec03e06e,COMPLETED,500000,884.5999755859375,973.0999755859375,776.4849975585937,1.4978,True,completed full 500k profile
2026-05-11T21:24:26+00:00,launch,corl500k__finger-turn_hard__chaos__adaptive_rhs__s15,launched,2034,1,finger-turn_hard,chaos,adaptive_rhs,15,3,/home/goncalo/git/horizonsearch/tdmpc2-jax-codex/outputs/corl_pub_500k_v2/finger-turn_hard/chaos/adaptive_rhs/s15,scripts/ncc_corl_adaptive_rhs_500k.sbatch,37dc9e3f7dc547921a602c085ba28564382aabab,37dc9e3f7dc547921a602c085ba28564382aabab,,,,,,,,500k full profile
2026-05-11T21:39:15+00:00,completed,corl500k__hopper-hop__chaos__adaptive_rhs__s15,completed,2029,1,hopper-hop,chaos,adaptive_rhs,15,3,/home/goncalo/git/horizonsearch/tdmpc2-jax-codex/outputs/corl_pub_500k_v2/hopper-hop/chaos/adaptive_rhs/s15,scripts/ncc_corl_adaptive_rhs_500k.sbatch,a0ff4833b012d086ac78f0f2d18169bbd7069af7,a0ff4833b012d086ac78f0f2d18169bbd7069af7,COMPLETED,500000,138.97103881835938,155.995361328125,95.69363538362086,2.5467,True,completed full 500k profile
2026-05-11T21:39:26+00:00,launch,corl500k__fish-swim__clean__paper_horizon__s15,launched,2035,1,fish-swim,clean,paper_horizon,15,3,/home/goncalo/git/horizonsearch/tdmpc2-jax-codex/outputs/corl_pub_500k_v2/fish-swim/clean/paper_horizon/s15,scripts/ncc_corl_paper_horizon_500k.sbatch,fdefe3e561ed04f75226431b8812cb6013d08362,fdefe3e561ed04f75226431b8812cb6013d08362,,,,,,,,500k full profile
2026-05-11T22:09:17+00:00,completed,corl500k__finger-turn_hard__clean__adaptive_rhs__s15,completed,2032,1,finger-turn_hard,clean,adaptive_rhs,15,3,/home/goncalo/git/horizonsearch/tdmpc2-jax-codex/outputs/corl_pub_500k_v2/finger-turn_hard/clean/adaptive_rhs/s15,scripts/ncc_corl_adaptive_rhs_500k.sbatch,4bf090ef4e138a5f61fe061500f159fc2d10160e,4bf090ef4e138a5f61fe061500f159fc2d10160e,COMPLETED,500000,928.9000244140625,978.1500244140625,796.1199981689454,1.6033,True,completed full 500k profile
2026-05-11T22:09:29+00:00,launch,corl500k__fish-swim__clean__adaptive_rhs__s15,launched,2036,1,fish-swim,clean,adaptive_rhs,15,3,/home/goncalo/git/horizonsearch/tdmpc2-jax-codex/outputs/corl_pub_500k_v2/fish-swim/clean/adaptive_rhs/s15,scripts/ncc_corl_adaptive_rhs_500k.sbatch,ce2adcde3d9300bd934ed28a5748b0c814eaacf5,ce2adcde3d9300bd934ed28a5748b0c814eaacf5,,,,,,,,500k full profile
2026-05-11T22:49:15+00:00,completed,corl500k__finger-turn_hard__chaos__paper_horizon__s15,completed,2033,1,finger-turn_hard,chaos,paper_horizon,15,3,/home/goncalo/git/horizonsearch/tdmpc2-jax-codex/outputs/corl_pub_500k_v2/finger-turn_hard/chaos/paper_horizon/s15,scripts/ncc_corl_paper_horizon_500k.sbatch,f2b02df8b3a9db29f94183b4b1d16b3c57665e18,f2b02df8b3a9db29f94183b4b1d16b3c57665e18,COMPLETED,500000,510.1000061035156,761.1500244140625,500.50249633789065,1.9692,True,completed full 500k profile
2026-05-11T22:49:27+00:00,launch,corl500k__fish-swim__chaos__paper_horizon__s15,launched,2037,1,fish-swim,chaos,paper_horizon,15,3,/home/goncalo/git/horizonsearch/tdmpc2-jax-codex/outputs/corl_pub_500k_v2/fish-swim/chaos/paper_horizon/s15,scripts/ncc_corl_paper_horizon_500k.sbatch,5422ab996e54f672f80235697793f05412ab9509,5422ab996e54f672f80235697793f05412ab9509,,,,,,,,500k full profile
2026-05-11T23:04:43+00:00,completed,corl500k__fish-swim__clean__paper_horizon__s15,completed,2035,1,fish-swim,clean,paper_horizon,15,3,/home/goncalo/git/horizonsearch/tdmpc2-jax-codex/outputs/corl_pub_500k_v2/fish-swim/clean/paper_horizon/s15,scripts/ncc_corl_paper_horizon_500k.sbatch,fdefe3e561ed04f75226431b8812cb6013d08362,fdefe3e561ed04f75226431b8812cb6013d08362,COMPLETED,500000,645.4307861328125,744.2013549804688,534.2688835144043,1.3894,True,completed full 500k profile
2026-05-11T23:04:55+00:00,launch,corl500k__fish-swim__chaos__adaptive_rhs__s15,launched,2038,1,fish-swim,chaos,adaptive_rhs,15,3,/home/goncalo/git/horizonsearch/tdmpc2-jax-codex/outputs/corl_pub_500k_v2/fish-swim/chaos/adaptive_rhs/s15,scripts/ncc_corl_adaptive_rhs_500k.sbatch,28a4ba56f97b4389cf7b703bc101924bb44b4b73,28a4ba56f97b4389cf7b703bc101924bb44b4b73,,,,,,,,500k full profile
2026-05-11T23:30:16+00:00,completed,corl500k__finger-turn_hard__chaos__adaptive_rhs__s15,completed,2034,1,finger-turn_hard,chaos,adaptive_rhs,15,3,/home/goncalo/git/horizonsearch/tdmpc2-jax-codex/outputs/corl_pub_500k_v2/finger-turn_hard/chaos/adaptive_rhs/s15,scripts/ncc_corl_adaptive_rhs_500k.sbatch,37dc9e3f7dc547921a602c085ba28564382aabab,37dc9e3f7dc547921a602c085ba28564382aabab,COMPLETED,500000,753.4500122070312,773.7000122070312,537.0099975585938,2.0622,True,completed full 500k profile
2026-05-11T23:30:28+00:00,launch,corl500k__cartpole-swingup__clean__paper_horizon__s15,launched,2039,1,cartpole-swingup,clean,paper_horizon,15,3,/home/goncalo/git/horizonsearch/tdmpc2-jax-codex/outputs/corl_pub_500k_v2/cartpole-swingup/clean/paper_horizon/s15,scripts/ncc_corl_paper_horizon_500k.sbatch,8f4b80288185ba5d31df8d7510297faecbb2798b,8f4b80288185ba5d31df8d7510297faecbb2798b,,,,,,,,500k full profile
2026-05-11T23:45:16+00:00,completed,corl500k__fish-swim__clean__adaptive_rhs__s15,completed,2036,1,fish-swim,clean,adaptive_rhs,15,3,/home/goncalo/git/horizonsearch/tdmpc2-jax-codex/outputs/corl_pub_500k_v2/fish-swim/clean/adaptive_rhs/s15,scripts/ncc_corl_adaptive_rhs_500k.sbatch,ce2adcde3d9300bd934ed28a5748b0c814eaacf5,ce2adcde3d9300bd934ed28a5748b0c814eaacf5,COMPLETED,500000,543.2359008789062,758.9927978515625,486.6535133361816,1.5189,True,completed full 500k profile
2026-05-11T23:45:28+00:00,launch,corl500k__cartpole-swingup__clean__adaptive_rhs__s15,launched,2040,1,cartpole-swingup,clean,adaptive_rhs,15,3,/home/goncalo/git/horizonsearch/tdmpc2-jax-codex/outputs/corl_pub_500k_v2/cartpole-swingup/clean/adaptive_rhs/s15,scripts/ncc_corl_adaptive_rhs_500k.sbatch,29be1ead4d5d788e3017f10d95b2a88680111f5d,29be1ead4d5d788e3017f10d95b2a88680111f5d,,,,,,,,500k full profile
2026-05-12T00:45:15+00:00,completed,corl500k__fish-swim__chaos__paper_horizon__s15,completed,2037,1,fish-swim,chaos,paper_horizon,15,3,/home/goncalo/git/horizonsearch/tdmpc2-jax-codex/outputs/corl_pub_500k_v2/fish-swim/chaos/paper_horizon/s15,scripts/ncc_corl_paper_horizon_500k.sbatch,5422ab996e54f672f80235697793f05412ab9509,5422ab996e54f672f80235697793f05412ab9509,COMPLETED,500000,nan,nan,nan,1.8586,True,completed full 500k profile
2026-05-12T00:45:27+00:00,launch,corl500k__cartpole-swingup__chaos__paper_horizon__s15,launched,2041,1,cartpole-swingup,chaos,paper_horizon,15,3,/home/goncalo/git/horizonsearch/tdmpc2-jax-codex/outputs/corl_pub_500k_v2/cartpole-swingup/chaos/paper_horizon/s15,scripts/ncc_corl_paper_horizon_500k.sbatch,537a5e22a18b2c35acc0daa57f657adb49644755,537a5e22a18b2c35acc0daa57f657adb49644755,,,,,,,,500k full profile
2026-05-12T00:55:14+00:00,completed,corl500k__cartpole-swingup__clean__paper_horizon__s15,completed,2039,1,cartpole-swingup,clean,paper_horizon,15,3,/home/goncalo/git/horizonsearch/tdmpc2-jax-codex/outputs/corl_pub_500k_v2/cartpole-swingup/clean/paper_horizon/s15,scripts/ncc_corl_paper_horizon_500k.sbatch,8f4b80288185ba5d31df8d7510297faecbb2798b,8f4b80288185ba5d31df8d7510297faecbb2798b,COMPLETED,500000,864.4862060546875,865.7396240234375,776.272915649414,1.3714,True,completed full 500k profile
2026-05-12T00:55:26+00:00,launch,corl500k__cartpole-swingup__chaos__adaptive_rhs__s15,launched,2042,1,cartpole-swingup,chaos,adaptive_rhs,15,3,/home/goncalo/git/horizonsearch/tdmpc2-jax-codex/outputs/corl_pub_500k_v2/cartpole-swingup/chaos/adaptive_rhs/s15,scripts/ncc_corl_adaptive_rhs_500k.sbatch,39af91997326904f21a5c924a55d4bd05052f8c7,39af91997326904f21a5c924a55d4bd05052f8c7,,,,,,,,500k full profile
2026-05-12T01:00:14+00:00,completed,corl500k__fish-swim__chaos__adaptive_rhs__s15,completed,2038,1,fish-swim,chaos,adaptive_rhs,15,3,/home/goncalo/git/horizonsearch/tdmpc2-jax-codex/outputs/corl_pub_500k_v2/fish-swim/chaos/adaptive_rhs/s15,scripts/ncc_corl_adaptive_rhs_500k.sbatch,28a4ba56f97b4389cf7b703bc101924bb44b4b73,28a4ba56f97b4389cf7b703bc101924bb44b4b73,COMPLETED,500000,nan,nan,nan,1.8678,True,completed full 500k profile
2026-05-12T01:00:26+00:00,launch,corl500k__quadruped-run__clean__paper_horizon__s1,launched,2043,1,quadruped-run,clean,paper_horizon,1,3,/home/goncalo/git/horizonsearch/tdmpc2-jax-codex/outputs/corl_pub_500k_v2/quadruped-run/clean/paper_horizon/s1,scripts/ncc_corl_paper_horizon_500k.sbatch,770f9b65742807e972b0b9fc51673fce1491d9fe,770f9b65742807e972b0b9fc51673fce1491d9fe,,,,,,,,500k full profile
2026-05-12T01:40:16+00:00,completed,corl500k__cartpole-swingup__clean__adaptive_rhs__s15,completed,2040,1,cartpole-swingup,clean,adaptive_rhs,15,3,/home/goncalo/git/horizonsearch/tdmpc2-jax-codex/outputs/corl_pub_500k_v2/cartpole-swingup/clean/adaptive_rhs/s15,scripts/ncc_corl_adaptive_rhs_500k.sbatch,29be1ead4d5d788e3017f10d95b2a88680111f5d,29be1ead4d5d788e3017f10d95b2a88680111f5d,COMPLETED,500000,879.806640625,882.7789306640625,788.3719329833984,1.8614,True,completed full 500k profile
2026-05-12T01:40:28+00:00,launch,corl500k__quadruped-run__clean__adaptive_rhs__s1,launched,2044,1,quadruped-run,clean,adaptive_rhs,1,3,/home/goncalo/git/horizonsearch/tdmpc2-jax-codex/outputs/corl_pub_500k_v2/quadruped-run/clean/adaptive_rhs/s1,scripts/ncc_corl_adaptive_rhs_500k.sbatch,a03f22e7014b94a060c9b9348e580b0a874a20e1,a03f22e7014b94a060c9b9348e580b0a874a20e1,,,,,,,,500k full profile
2026-05-12T02:35:50+00:00,completed,corl500k__cartpole-swingup__chaos__paper_horizon__s15,completed,2041,1,cartpole-swingup,chaos,paper_horizon,15,3,/home/goncalo/git/horizonsearch/tdmpc2-jax-codex/outputs/corl_pub_500k_v2/cartpole-swingup/chaos/paper_horizon/s15,scripts/ncc_corl_paper_horizon_500k.sbatch,537a5e22a18b2c35acc0daa57f657adb49644755,537a5e22a18b2c35acc0daa57f657adb49644755,COMPLETED,500000,859.1907348632812,859.1907348632812,741.7343292236328,1.8119,True,completed full 500k profile
2026-05-12T02:36:02+00:00,launch,corl500k__quadruped-run__chaos__paper_horizon__s1,launched,2045,1,quadruped-run,chaos,paper_horizon,1,3,/home/goncalo/git/horizonsearch/tdmpc2-jax-codex/outputs/corl_pub_500k_v2/quadruped-run/chaos/paper_horizon/s1,scripts/ncc_corl_paper_horizon_500k.sbatch,034a32fc751b695dbfe15a46102e91a1c1a18224,034a32fc751b695dbfe15a46102e91a1c1a18224,,,,,,,,500k full profile
2026-05-12T03:00:46+00:00,completed,corl500k__quadruped-run__clean__paper_horizon__s1,completed,2043,1,quadruped-run,clean,paper_horizon,1,3,/home/goncalo/git/horizonsearch/tdmpc2-jax-codex/outputs/corl_pub_500k_v2/quadruped-run/clean/paper_horizon/s1,scripts/ncc_corl_paper_horizon_500k.sbatch,770f9b65742807e972b0b9fc51673fce1491d9fe,770f9b65742807e972b0b9fc51673fce1491d9fe,COMPLETED,500000,881.8361206054688,886.1466674804688,684.1455657958984,1.9267,True,completed full 500k profile
2026-05-12T03:00:58+00:00,launch,corl500k__quadruped-run__chaos__adaptive_rhs__s1,launched,2046,1,quadruped-run,chaos,adaptive_rhs,1,3,/home/goncalo/git/horizonsearch/tdmpc2-jax-codex/outputs/corl_pub_500k_v2/quadruped-run/chaos/adaptive_rhs/s1,scripts/ncc_corl_adaptive_rhs_500k.sbatch,0c78c0b8d04e78cb2c12e22eeb6a4459160609bc,0c78c0b8d04e78cb2c12e22eeb6a4459160609bc,,,,,,,,500k full profile
2026-05-12T03:10:46+00:00,completed,corl500k__cartpole-swingup__chaos__adaptive_rhs__s15,completed,2042,1,cartpole-swingup,chaos,adaptive_rhs,15,3,/home/goncalo/git/horizonsearch/tdmpc2-jax-codex/outputs/corl_pub_500k_v2/cartpole-swingup/chaos/adaptive_rhs/s15,scripts/ncc_corl_adaptive_rhs_500k.sbatch,39af91997326904f21a5c924a55d4bd05052f8c7,39af91997326904f21a5c924a55d4bd05052f8c7,COMPLETED,500000,860.5714111328125,860.5714111328125,734.3488006591797,2.1781,True,completed full 500k profile
2026-05-12T03:10:58+00:00,launch,corl500k__cheetah-run__clean__paper_horizon__s1,launched,2047,1,cheetah-run,clean,paper_horizon,1,3,/home/goncalo/git/horizonsearch/tdmpc2-jax-codex/outputs/corl_pub_500k_v2/cheetah-run/clean/paper_horizon/s1,scripts/ncc_corl_paper_horizon_500k.sbatch,57f04c2675a3ea10f0f6e863e1339bd824b320d5,57f04c2675a3ea10f0f6e863e1339bd824b320d5,,,,,,,,500k full profile
2026-05-12T03:51:18+00:00,completed,corl500k__quadruped-run__clean__adaptive_rhs__s1,completed,2044,1,quadruped-run,clean,adaptive_rhs,1,3,/home/goncalo/git/horizonsearch/tdmpc2-jax-codex/outputs/corl_pub_500k_v2/quadruped-run/clean/adaptive_rhs/s1,scripts/ncc_corl_adaptive_rhs_500k.sbatch,a03f22e7014b94a060c9b9348e580b0a874a20e1,a03f22e7014b94a060c9b9348e580b0a874a20e1,COMPLETED,500000,913.6036376953125,928.6715087890625,689.8272350311279,2.1294,True,completed full 500k profile
2026-05-12T03:51:29+00:00,launch,corl500k__cheetah-run__clean__adaptive_rhs__s1,launched,2048,1,cheetah-run,clean,adaptive_rhs,1,3,/home/goncalo/git/horizonsearch/tdmpc2-jax-codex/outputs/corl_pub_500k_v2/cheetah-run/clean/adaptive_rhs/s1,scripts/ncc_corl_adaptive_rhs_500k.sbatch,c20a7ea97a911a5ce9cff19eb5b8e136826fb8ae,c20a7ea97a911a5ce9cff19eb5b8e136826fb8ae,,,,,,,,500k full profile
2026-05-12T04:41:25+00:00,launch,corl500k__cheetah-run__chaos__paper_horizon__s1,launched,2049,1,cheetah-run,chaos,paper_horizon,1,3,/home/goncalo/git/horizonsearch/tdmpc2-jax-codex/outputs/corl_pub_500k_v2/cheetah-run/chaos/paper_horizon/s1,scripts/ncc_corl_paper_horizon_500k.sbatch,0b259e8cc98b214ab92a01768738e5ca06314495,0b259e8cc98b214ab92a01768738e5ca06314495,,,,,,,,500k full profile
2026-05-12T04:46:21+00:00,completed,corl500k__cheetah-run__clean__paper_horizon__s1,completed,2047,1,cheetah-run,clean,paper_horizon,1,3,/home/goncalo/git/horizonsearch/tdmpc2-jax-codex/outputs/corl_pub_500k_v2/cheetah-run/clean/paper_horizon/s1,scripts/ncc_corl_paper_horizon_500k.sbatch,57f04c2675a3ea10f0f6e863e1339bd824b320d5,57f04c2675a3ea10f0f6e863e1339bd824b320d5,COMPLETED,500000,926.1539306640625,926.1539306640625,754.5916870117187,1.5064,True,completed full 500k profile
2026-05-12T05:06:17+00:00,completed,corl500k__quadruped-run__chaos__paper_horizon__s1,completed,2045,1,quadruped-run,chaos,paper_horizon,1,3,/home/goncalo/git/horizonsearch/tdmpc2-jax-codex/outputs/corl_pub_500k_v2/quadruped-run/chaos/paper_horizon/s1,scripts/ncc_corl_paper_horizon_500k.sbatch,034a32fc751b695dbfe15a46102e91a1c1a18224,034a32fc751b695dbfe15a46102e91a1c1a18224,COMPLETED,500000,660.83251953125,682.9598388671875,474.7168281555176,2.4253,True,completed full 500k profile
2026-05-12T05:06:30+00:00,launch,corl500k__cheetah-run__chaos__adaptive_rhs__s1,launched,2050,1,cheetah-run,chaos,adaptive_rhs,1,3,/home/goncalo/git/horizonsearch/tdmpc2-jax-codex/outputs/corl_pub_500k_v2/cheetah-run/chaos/adaptive_rhs/s1,scripts/ncc_corl_adaptive_rhs_500k.sbatch,cd5e1491289c6bd5e8640604b0e957363e34a5be,cd5e1491289c6bd5e8640604b0e957363e34a5be,,,,,,,,500k full profile
2026-05-12T05:31:23+00:00,completed,corl500k__cheetah-run__clean__adaptive_rhs__s1,completed,2048,1,cheetah-run,clean,adaptive_rhs,1,3,/home/goncalo/git/horizonsearch/tdmpc2-jax-codex/outputs/corl_pub_500k_v2/cheetah-run/clean/adaptive_rhs/s1,scripts/ncc_corl_adaptive_rhs_500k.sbatch,c20a7ea97a911a5ce9cff19eb5b8e136826fb8ae,c20a7ea97a911a5ce9cff19eb5b8e136826fb8ae,COMPLETED,500000,946.55224609375,948.9656982421875,767.9944091796875,1.6178,True,completed full 500k profile
2026-05-12T05:31:35+00:00,launch,corl500k__hopper-hop__clean__paper_horizon__s1,launched,2051,1,hopper-hop,clean,paper_horizon,1,3,/home/goncalo/git/horizonsearch/tdmpc2-jax-codex/outputs/corl_pub_500k_v2/hopper-hop/clean/paper_horizon/s1,scripts/ncc_corl_paper_horizon_500k.sbatch,d2cd6f5bc863a375a327b190393e7240b74efaeb,d2cd6f5bc863a375a327b190393e7240b74efaeb,,,,,,,,500k full profile
2026-05-12T05:41:47+00:00,completed,corl500k__quadruped-run__chaos__adaptive_rhs__s1,completed,2046,1,quadruped-run,chaos,adaptive_rhs,1,3,/home/goncalo/git/horizonsearch/tdmpc2-jax-codex/outputs/corl_pub_500k_v2/quadruped-run/chaos/adaptive_rhs/s1,scripts/ncc_corl_adaptive_rhs_500k.sbatch,0c78c0b8d04e78cb2c12e22eeb6a4459160609bc,0c78c0b8d04e78cb2c12e22eeb6a4459160609bc,COMPLETED,500000,732.8848876953125,732.8848876953125,493.42053146362304,2.6400,True,completed full 500k profile
2026-05-12T05:41:59+00:00,launch,corl500k__hopper-hop__clean__adaptive_rhs__s1,launched,2052,1,hopper-hop,clean,adaptive_rhs,1,3,/home/goncalo/git/horizonsearch/tdmpc2-jax-codex/outputs/corl_pub_500k_v2/hopper-hop/clean/adaptive_rhs/s1,scripts/ncc_corl_adaptive_rhs_500k.sbatch,04268abed23989f0482853bd0f42085fb6510c69,04268abed23989f0482853bd0f42085fb6510c69,,,,,,,,500k full profile
2026-05-12T06:41:49+00:00,completed,corl500k__cheetah-run__chaos__paper_horizon__s1,completed,2049,1,cheetah-run,chaos,paper_horizon,1,3,/home/goncalo/git/horizonsearch/tdmpc2-jax-codex/outputs/corl_pub_500k_v2/cheetah-run/chaos/paper_horizon/s1,scripts/ncc_corl_paper_horizon_500k.sbatch,0b259e8cc98b214ab92a01768738e5ca06314495,0b259e8cc98b214ab92a01768738e5ca06314495,COMPLETED,500000,354.4768981933594,556.0848388671875,358.8154655456543,1.9397,True,completed full 500k profile
2026-05-12T06:42:01+00:00,launch,corl500k__hopper-hop__chaos__paper_horizon__s1,launched,2053,1,hopper-hop,chaos,paper_horizon,1,3,/home/goncalo/git/horizonsearch/tdmpc2-jax-codex/outputs/corl_pub_500k_v2/hopper-hop/chaos/paper_horizon/s1,scripts/ncc_corl_paper_horizon_500k.sbatch,e0d2ac7a7fbb9459ae64b07fb2f9cfd3cb6481ca,e0d2ac7a7fbb9459ae64b07fb2f9cfd3cb6481ca,,,,,,,,500k full profile
2026-05-12T08:16:47+00:00,completed,corl500k__cheetah-run__chaos__adaptive_rhs__s1,completed,2050,1,cheetah-run,chaos,adaptive_rhs,1,3,/home/goncalo/git/horizonsearch/tdmpc2-jax-codex/outputs/corl_pub_500k_v2/cheetah-run/chaos/adaptive_rhs/s1,scripts/ncc_corl_adaptive_rhs_500k.sbatch,cd5e1491289c6bd5e8640604b0e957363e34a5be,cd5e1491289c6bd5e8640604b0e957363e34a5be,COMPLETED,500000,501.057373046875,503.29833984375,368.0657585144043,2.3636,True,completed full 500k profile
2026-05-12T08:16:48+00:00,completed,corl500k__hopper-hop__clean__paper_horizon__s1,completed,2051,1,hopper-hop,clean,paper_horizon,1,3,/home/goncalo/git/horizonsearch/tdmpc2-jax-codex/outputs/corl_pub_500k_v2/hopper-hop/clean/paper_horizon/s1,scripts/ncc_corl_paper_horizon_500k.sbatch,d2cd6f5bc863a375a327b190393e7240b74efaeb,d2cd6f5bc863a375a327b190393e7240b74efaeb,COMPLETED,500000,542.8048706054688,634.1515502929688,324.82984546273946,1.7208,True,completed full 500k profile
2026-05-12T08:16:49+00:00,completed,corl500k__hopper-hop__clean__adaptive_rhs__s1,completed,2052,1,hopper-hop,clean,adaptive_rhs,1,3,/home/goncalo/git/horizonsearch/tdmpc2-jax-codex/outputs/corl_pub_500k_v2/hopper-hop/clean/adaptive_rhs/s1,scripts/ncc_corl_adaptive_rhs_500k.sbatch,04268abed23989f0482853bd0f42085fb6510c69,04268abed23989f0482853bd0f42085fb6510c69,COMPLETED,500000,570.1458740234375,570.1458740234375,360.4867978692055,1.8286,True,completed full 500k profile
2026-05-12T08:17:04+00:00,launch,corl500k__hopper-hop__chaos__adaptive_rhs__s1,launched,2054,1,hopper-hop,chaos,adaptive_rhs,1,3,/home/goncalo/git/horizonsearch/tdmpc2-jax-codex/outputs/corl_pub_500k_v2/hopper-hop/chaos/adaptive_rhs/s1,scripts/ncc_corl_adaptive_rhs_500k.sbatch,aacfa569e77d0e8fc11942c6f847702ea1df21d9,aacfa569e77d0e8fc11942c6f847702ea1df21d9,,,,,,,,500k full profile
2026-05-12T08:17:05+00:00,launch,corl500k__finger-turn_hard__clean__paper_horizon__s1,launched,2055,1,finger-turn_hard,clean,paper_horizon,1,3,/home/goncalo/git/horizonsearch/tdmpc2-jax-codex/outputs/corl_pub_500k_v2/finger-turn_hard/clean/paper_horizon/s1,scripts/ncc_corl_paper_horizon_500k.sbatch,aacfa569e77d0e8fc11942c6f847702ea1df21d9,aacfa569e77d0e8fc11942c6f847702ea1df21d9,,,,,,,,500k full profile
2026-05-12T08:17:05+00:00,launch,corl500k__finger-turn_hard__clean__adaptive_rhs__s1,launched,2056,1,finger-turn_hard,clean,adaptive_rhs,1,3,/home/goncalo/git/horizonsearch/tdmpc2-jax-codex/outputs/corl_pub_500k_v2/finger-turn_hard/clean/adaptive_rhs/s1,scripts/ncc_corl_adaptive_rhs_500k.sbatch,aacfa569e77d0e8fc11942c6f847702ea1df21d9,aacfa569e77d0e8fc11942c6f847702ea1df21d9,,,,,,,,500k full profile
2026-05-12T08:53:53+00:00,completed,corl500k__hopper-hop__chaos__paper_horizon__s1,completed,2053,1,hopper-hop,chaos,paper_horizon,1,3,/home/goncalo/git/horizonsearch/tdmpc2-jax-codex/outputs/corl_pub_500k_v2/hopper-hop/chaos/paper_horizon/s1,scripts/ncc_corl_paper_horizon_500k.sbatch,e0d2ac7a7fbb9459ae64b07fb2f9cfd3cb6481ca,e0d2ac7a7fbb9459ae64b07fb2f9cfd3cb6481ca,COMPLETED,500000,166.8194122314453,172.61434936523438,125.37431211471558,2.1450,True,completed full 500k profile
2026-05-12T08:54:04+00:00,launch,corl500k__finger-turn_hard__chaos__paper_horizon__s1,launched,2057,1,finger-turn_hard,chaos,paper_horizon,1,3,/home/goncalo/git/horizonsearch/tdmpc2-jax-codex/outputs/corl_pub_500k_v2/finger-turn_hard/chaos/paper_horizon/s1,scripts/ncc_corl_paper_horizon_500k.sbatch,1215c6e667377f843f870fb3af75054f5a9c195c,1215c6e667377f843f870fb3af75054f5a9c195c,,,,,,,,500k full profile
2026-05-12T09:53:32+00:00,launch,corl500k__finger-turn_hard__chaos__adaptive_rhs__s1,launched,2058,1,finger-turn_hard,chaos,adaptive_rhs,1,3,/home/goncalo/git/horizonsearch/tdmpc2-jax-codex/outputs/corl_pub_500k_v2/finger-turn_hard/chaos/adaptive_rhs/s1,scripts/ncc_corl_adaptive_rhs_500k.sbatch,a3444c23be81b96306f5372fef2859f501157823,a3444c23be81b96306f5372fef2859f501157823,,,,,,,,500k full profile
2026-05-12T09:54:25+00:00,completed,corl500k__finger-turn_hard__clean__paper_horizon__s1,completed,2055,1,finger-turn_hard,clean,paper_horizon,1,3,/home/goncalo/git/horizonsearch/tdmpc2-jax-codex/outputs/corl_pub_500k_v2/finger-turn_hard/clean/paper_horizon/s1,scripts/ncc_corl_paper_horizon_500k.sbatch,aacfa569e77d0e8fc11942c6f847702ea1df21d9,aacfa569e77d0e8fc11942c6f847702ea1df21d9,COMPLETED,500000,772.7000122070312,967.0999755859375,656.9625,1.4947,True,completed full 500k profile
2026-05-12T09:59:56+00:00,completed,corl500k__finger-turn_hard__clean__adaptive_rhs__s1,completed,2056,1,finger-turn_hard,clean,adaptive_rhs,1,3,/home/goncalo/git/horizonsearch/tdmpc2-jax-codex/outputs/corl_pub_500k_v2/finger-turn_hard/clean/adaptive_rhs/s1,scripts/ncc_corl_adaptive_rhs_500k.sbatch,aacfa569e77d0e8fc11942c6f847702ea1df21d9,aacfa569e77d0e8fc11942c6f847702ea1df21d9,COMPLETED,500000,918.7999877929688,963.2999877929688,678.7450012207031,1.6567,True,completed full 500k profile
2026-05-12T10:00:07+00:00,launch,corl500k__fish-swim__clean__paper_horizon__s1,launched,2059,1,fish-swim,clean,paper_horizon,1,3,/home/goncalo/git/horizonsearch/tdmpc2-jax-codex/outputs/corl_pub_500k_v2/fish-swim/clean/paper_horizon/s1,scripts/ncc_corl_paper_horizon_500k.sbatch,005d9b4c5357452a5f645b629269d83c4a7c5587,005d9b4c5357452a5f645b629269d83c4a7c5587,,,,,,,,500k full profile
2026-05-12T10:49:29+00:00,completed,corl500k__hopper-hop__chaos__adaptive_rhs__s1,completed,2054,1,hopper-hop,chaos,adaptive_rhs,1,3,/home/goncalo/git/horizonsearch/tdmpc2-jax-codex/outputs/corl_pub_500k_v2/hopper-hop/chaos/adaptive_rhs/s1,scripts/ncc_corl_adaptive_rhs_500k.sbatch,aacfa569e77d0e8fc11942c6f847702ea1df21d9,aacfa569e77d0e8fc11942c6f847702ea1df21d9,COMPLETED,500000,278.0970153808594,278.0970153808594,186.39247219562532,2.4625,True,completed full 500k profile
2026-05-12T10:49:41+00:00,launch,corl500k__fish-swim__clean__adaptive_rhs__s1,launched,2060,1,fish-swim,clean,adaptive_rhs,1,3,/home/goncalo/git/horizonsearch/tdmpc2-jax-codex/outputs/corl_pub_500k_v2/fish-swim/clean/adaptive_rhs/s1,scripts/ncc_corl_adaptive_rhs_500k.sbatch,570c003f2a88de931bb8e817051330353f948f98,570c003f2a88de931bb8e817051330353f948f98,,,,,,,,500k full profile
2026-05-12T10:54:28+00:00,completed,corl500k__finger-turn_hard__chaos__paper_horizon__s1,completed,2057,1,finger-turn_hard,chaos,paper_horizon,1,3,/home/goncalo/git/horizonsearch/tdmpc2-jax-codex/outputs/corl_pub_500k_v2/finger-turn_hard/chaos/paper_horizon/s1,scripts/ncc_corl_paper_horizon_500k.sbatch,1215c6e667377f843f870fb3af75054f5a9c195c,1215c6e667377f843f870fb3af75054f5a9c195c,COMPLETED,500000,651.0,651.0,391.7750015258789,1.9503,True,completed full 500k profile
2026-05-12T10:54:40+00:00,launch,corl500k__fish-swim__chaos__paper_horizon__s1,launched,2061,1,fish-swim,chaos,paper_horizon,1,3,/home/goncalo/git/horizonsearch/tdmpc2-jax-codex/outputs/corl_pub_500k_v2/fish-swim/chaos/paper_horizon/s1,scripts/ncc_corl_paper_horizon_500k.sbatch,b7a5b4d7d097adb8466d87e68c147ea8b1bd03f7,b7a5b4d7d097adb8466d87e68c147ea8b1bd03f7,,,,,,,,500k full profile
2026-05-12T11:24:57+00:00,completed,corl500k__fish-swim__clean__paper_horizon__s1,completed,2059,1,fish-swim,clean,paper_horizon,1,3,/home/goncalo/git/horizonsearch/tdmpc2-jax-codex/outputs/corl_pub_500k_v2/fish-swim/clean/paper_horizon/s1,scripts/ncc_corl_paper_horizon_500k.sbatch,005d9b4c5357452a5f645b629269d83c4a7c5587,005d9b4c5357452a5f645b629269d83c4a7c5587,COMPLETED,500000,648.5584106445312,731.5545043945312,483.13920402526855,1.4044,True,completed full 500k profile
2026-05-12T11:25:09+00:00,launch,corl500k__fish-swim__chaos__adaptive_rhs__s1,launched,2062,1,fish-swim,chaos,adaptive_rhs,1,3,/home/goncalo/git/horizonsearch/tdmpc2-jax-codex/outputs/corl_pub_500k_v2/fish-swim/chaos/adaptive_rhs/s1,scripts/ncc_corl_adaptive_rhs_500k.sbatch,be1061d66ebcfa9db5a878c969df56408e344cde,be1061d66ebcfa9db5a878c969df56408e344cde,,,,,,,,500k full profile
2026-05-12T12:47:02+00:00,completed,corl500k__finger-turn_hard__chaos__adaptive_rhs__s1,completed,2058,1,finger-turn_hard,chaos,adaptive_rhs,1,3,/home/goncalo/git/horizonsearch/tdmpc2-jax-codex/outputs/corl_pub_500k_v2/finger-turn_hard/chaos/adaptive_rhs/s1,scripts/ncc_corl_adaptive_rhs_500k.sbatch,a3444c23be81b96306f5372fef2859f501157823,a3444c23be81b96306f5372fef2859f501157823,COMPLETED,500000,448.70001220703125,741.8499755859375,490.7200042724609,2.0511,True,completed full 500k profile
2026-05-12T12:47:03+00:00,completed,corl500k__fish-swim__clean__adaptive_rhs__s1,completed,2060,1,fish-swim,clean,adaptive_rhs,1,3,/home/goncalo/git/horizonsearch/tdmpc2-jax-codex/outputs/corl_pub_500k_v2/fish-swim/clean/adaptive_rhs/s1,scripts/ncc_corl_adaptive_rhs_500k.sbatch,570c003f2a88de931bb8e817051330353f948f98,570c003f2a88de931bb8e817051330353f948f98,COMPLETED,500000,658.2686767578125,712.9466552734375,495.52266731262205,1.5214,True,completed full 500k profile
2026-05-12T12:47:04+00:00,completed,corl500k__fish-swim__chaos__paper_horizon__s1,completed,2061,1,fish-swim,chaos,paper_horizon,1,3,/home/goncalo/git/horizonsearch/tdmpc2-jax-codex/outputs/corl_pub_500k_v2/fish-swim/chaos/paper_horizon/s1,scripts/ncc_corl_paper_horizon_500k.sbatch,b7a5b4d7d097adb8466d87e68c147ea8b1bd03f7,b7a5b4d7d097adb8466d87e68c147ea8b1bd03f7,COMPLETED,500000,nan,nan,nan,1.8300,True,completed full 500k profile
2026-05-12T12:47:17+00:00,launch,corl500k__cartpole-swingup__clean__paper_horizon__s1,launched,2064,1,cartpole-swingup,clean,paper_horizon,1,3,/home/goncalo/git/horizonsearch/tdmpc2-jax-codex/outputs/corl_pub_500k_v2/cartpole-swingup/clean/paper_horizon/s1,scripts/ncc_corl_paper_horizon_500k.sbatch,d1f3b5a428228dad30162019baae5cd65c172d4f,d1f3b5a428228dad30162019baae5cd65c172d4f,,,,,,,,500k full profile
2026-05-12T12:47:18+00:00,launch,corl500k__cartpole-swingup__clean__adaptive_rhs__s1,launched,2065,1,cartpole-swingup,clean,adaptive_rhs,1,3,/home/goncalo/git/horizonsearch/tdmpc2-jax-codex/outputs/corl_pub_500k_v2/cartpole-swingup/clean/adaptive_rhs/s1,scripts/ncc_corl_adaptive_rhs_500k.sbatch,d1f3b5a428228dad30162019baae5cd65c172d4f,d1f3b5a428228dad30162019baae5cd65c172d4f,,,,,,,,500k full profile
2026-05-12T13:22:38+00:00,completed,corl500k__fish-swim__chaos__adaptive_rhs__s1,completed,2062,1,fish-swim,chaos,adaptive_rhs,1,3,/home/goncalo/git/horizonsearch/tdmpc2-jax-codex/outputs/corl_pub_500k_v2/fish-swim/chaos/adaptive_rhs/s1,scripts/ncc_corl_adaptive_rhs_500k.sbatch,be1061d66ebcfa9db5a878c969df56408e344cde,be1061d66ebcfa9db5a878c969df56408e344cde,COMPLETED,500000,nan,nan,nan,1.8769,True,completed full 500k profile
2026-05-12T13:22:50+00:00,launch,corl500k__cartpole-swingup__chaos__paper_horizon__s1,launched,2066,1,cartpole-swingup,chaos,paper_horizon,1,3,/home/goncalo/git/horizonsearch/tdmpc2-jax-codex/outputs/corl_pub_500k_v2/cartpole-swingup/chaos/paper_horizon/s1,scripts/ncc_corl_paper_horizon_500k.sbatch,2af737050ae5062fe4974dc0ec929ba91499cecb,2af737050ae5062fe4974dc0ec929ba91499cecb,,,,,,,,500k full profile
2026-05-12T14:14:32+00:00,completed,corl500k__cartpole-swingup__clean__paper_horizon__s1,completed,2064,1,cartpole-swingup,clean,paper_horizon,1,3,/home/goncalo/git/horizonsearch/tdmpc2-jax-codex/outputs/corl_pub_500k_v2/cartpole-swingup/clean/paper_horizon/s1,scripts/ncc_corl_paper_horizon_500k.sbatch,d1f3b5a428228dad30162019baae5cd65c172d4f,d1f3b5a428228dad30162019baae5cd65c172d4f,COMPLETED,500000,882.1182861328125,882.3153076171875,786.9374633789063,1.3750,True,completed full 500k profile
2026-05-12T14:14:45+00:00,launch,corl500k__cartpole-swingup__chaos__adaptive_rhs__s1,launched,2068,1,cartpole-swingup,chaos,adaptive_rhs,1,3,/home/goncalo/git/horizonsearch/tdmpc2-jax-codex/outputs/corl_pub_500k_v2/cartpole-swingup/chaos/adaptive_rhs/s1,scripts/ncc_corl_adaptive_rhs_500k.sbatch,928ea8b855cbc8105f08d1ffed6991a41da9bf28,928ea8b855cbc8105f08d1ffed6991a41da9bf28,,,,,,,,500k full profile
2026-05-12T14:45:33+00:00,completed,corl500k__cartpole-swingup__clean__adaptive_rhs__s1,completed,2065,1,cartpole-swingup,clean,adaptive_rhs,1,3,/home/goncalo/git/horizonsearch/tdmpc2-jax-codex/outputs/corl_pub_500k_v2/cartpole-swingup/clean/adaptive_rhs/s1,scripts/ncc_corl_adaptive_rhs_500k.sbatch,d1f3b5a428228dad30162019baae5cd65c172d4f,d1f3b5a428228dad30162019baae5cd65c172d4f,COMPLETED,500000,864.9244384765625,867.6514892578125,776.2833679199218,1.9489,True,completed full 500k profile
2026-05-12T15:43:05+00:00,completed,corl500k__cartpole-swingup__chaos__paper_horizon__s1,completed,2066,1,cartpole-swingup,chaos,paper_horizon,1,3,/home/goncalo/git/horizonsearch/tdmpc2-jax-codex/outputs/corl_pub_500k_v2/cartpole-swingup/chaos/paper_horizon/s1,scripts/ncc_corl_paper_horizon_500k.sbatch,2af737050ae5062fe4974dc0ec929ba91499cecb,2af737050ae5062fe4974dc0ec929ba91499cecb,COMPLETED,500000,814.0921630859375,857.02685546875,733.8791778564453,1.7642,True,completed full 500k profile
2026-05-12T19:47:44+00:00,completed,corl500k__cartpole-swingup__chaos__adaptive_rhs__s1,completed,2068,1,cartpole-swingup,chaos,adaptive_rhs,1,3,/home/goncalo/git/horizonsearch/tdmpc2-jax-codex/outputs/corl_pub_500k_v2/cartpole-swingup/chaos/adaptive_rhs/s1,scripts/ncc_corl_adaptive_rhs_500k.sbatch,928ea8b855cbc8105f08d1ffed6991a41da9bf28,928ea8b855cbc8105f08d1ffed6991a41da9bf28,COMPLETED,500000,816.386474609375,860.4762573242188,754.4208312988281,2.0417,True,completed full 500k profile
2026-05-12T19:47:59+00:00,launch,corl500k__quadruped-run__clean__paper_horizon__s7,launched,2072,1,quadruped-run,clean,paper_horizon,7,3,/home/goncalo/git/horizonsearch/tdmpc2-jax-codex/outputs/corl_pub_500k_v2/quadruped-run/clean/paper_horizon/s7,scripts/ncc_corl_paper_horizon_500k.sbatch,d03260b16f440265fefc7436d931ebd0a5b80ad1,d03260b16f440265fefc7436d931ebd0a5b80ad1,,,,,,,,500k full profile
2026-05-12T19:47:59+00:00,launch,corl500k__quadruped-run__clean__adaptive_rhs__s7,launched,2073,1,quadruped-run,clean,adaptive_rhs,7,3,/home/goncalo/git/horizonsearch/tdmpc2-jax-codex/outputs/corl_pub_500k_v2/quadruped-run/clean/adaptive_rhs/s7,scripts/ncc_corl_adaptive_rhs_500k.sbatch,d03260b16f440265fefc7436d931ebd0a5b80ad1,d03260b16f440265fefc7436d931ebd0a5b80ad1,,,,,,,,500k full profile
2026-05-12T19:48:00+00:00,launch,corl500k__quadruped-run__chaos__paper_horizon__s7,launched,2074,1,quadruped-run,chaos,paper_horizon,7,3,/home/goncalo/git/horizonsearch/tdmpc2-jax-codex/outputs/corl_pub_500k_v2/quadruped-run/chaos/paper_horizon/s7,scripts/ncc_corl_paper_horizon_500k.sbatch,d03260b16f440265fefc7436d931ebd0a5b80ad1,d03260b16f440265fefc7436d931ebd0a5b80ad1,,,,,,,,500k full profile
2026-05-12T21:25:25+00:00,launch,corl500k__quadruped-run__chaos__adaptive_rhs__s7,launched,2075,1,quadruped-run,chaos,adaptive_rhs,7,3,/home/goncalo/git/horizonsearch/tdmpc2-jax-codex/outputs/corl_pub_500k_v2/quadruped-run/chaos/adaptive_rhs/s7,scripts/ncc_corl_adaptive_rhs_500k.sbatch,06f10357d71a8248b229f22056739a6a581879bb,06f10357d71a8248b229f22056739a6a581879bb,,,,,,,,500k full profile
2026-05-12T21:45:24+00:00,launch,corl500k__cheetah-run__clean__paper_horizon__s7,launched,2076,1,cheetah-run,clean,paper_horizon,7,3,/home/goncalo/git/horizonsearch/tdmpc2-jax-codex/outputs/corl_pub_500k_v2/cheetah-run/clean/paper_horizon/s7,scripts/ncc_corl_paper_horizon_500k.sbatch,4a884eb16dcf4fb1a6c490c8f458c319cf8601e9,4a884eb16dcf4fb1a6c490c8f458c319cf8601e9,,,,,,,,500k full profile
2026-05-12T21:50:16+00:00,completed,corl500k__quadruped-run__clean__paper_horizon__s7,completed,2072,1,quadruped-run,clean,paper_horizon,7,3,/home/goncalo/git/horizonsearch/tdmpc2-jax-codex/outputs/corl_pub_500k_v2/quadruped-run/clean/paper_horizon/s7,scripts/ncc_corl_paper_horizon_500k.sbatch,d03260b16f440265fefc7436d931ebd0a5b80ad1,d03260b16f440265fefc7436d931ebd0a5b80ad1,COMPLETED,500000,879.2933349609375,879.2933349609375,671.9145214080811,1.9550,True,completed full 500k profile
2026-05-12T21:55:15+00:00,completed,corl500k__quadruped-run__clean__adaptive_rhs__s7,completed,2073,1,quadruped-run,clean,adaptive_rhs,7,3,/home/goncalo/git/horizonsearch/tdmpc2-jax-codex/outputs/corl_pub_500k_v2/quadruped-run/clean/adaptive_rhs/s7,scripts/ncc_corl_adaptive_rhs_500k.sbatch,d03260b16f440265fefc7436d931ebd0a5b80ad1,d03260b16f440265fefc7436d931ebd0a5b80ad1,COMPLETED,500000,839.8955078125,839.8955078125,589.7806167602539,2.0992,True,completed full 500k profile
2026-05-12T21:55:29+00:00,launch,corl500k__cheetah-run__clean__adaptive_rhs__s7,launched,2077,1,cheetah-run,clean,adaptive_rhs,7,3,/home/goncalo/git/horizonsearch/tdmpc2-jax-codex/outputs/corl_pub_500k_v2/cheetah-run/clean/adaptive_rhs/s7,scripts/ncc_corl_adaptive_rhs_500k.sbatch,5cb6f0f2d6ecfa06854b81dae1be463c805d79d5,5cb6f0f2d6ecfa06854b81dae1be463c805d79d5,,,,,,,,500k full profile
2026-05-12T22:15:45+00:00,completed,corl500k__quadruped-run__chaos__paper_horizon__s7,completed,2074,1,quadruped-run,chaos,paper_horizon,7,3,/home/goncalo/git/horizonsearch/tdmpc2-jax-codex/outputs/corl_pub_500k_v2/quadruped-run/chaos/paper_horizon/s7,scripts/ncc_corl_paper_horizon_500k.sbatch,d03260b16f440265fefc7436d931ebd0a5b80ad1,d03260b16f440265fefc7436d931ebd0a5b80ad1,COMPLETED,500000,807.7684936523438,807.7684936523438,461.6698797225952,2.4144,True,completed full 500k profile
2026-05-12T22:15:57+00:00,launch,corl500k__cheetah-run__chaos__paper_horizon__s7,launched,2078,1,cheetah-run,chaos,paper_horizon,7,3,/home/goncalo/git/horizonsearch/tdmpc2-jax-codex/outputs/corl_pub_500k_v2/cheetah-run/chaos/paper_horizon/s7,scripts/ncc_corl_paper_horizon_500k.sbatch,60962402abea3a1df6ddf1bd38a134c48c157c1f,60962402abea3a1df6ddf1bd38a134c48c157c1f,,,,,,,,500k full profile
2026-05-12T23:15:43+00:00,completed,corl500k__cheetah-run__clean__paper_horizon__s7,completed,2076,1,cheetah-run,clean,paper_horizon,7,3,/home/goncalo/git/horizonsearch/tdmpc2-jax-codex/outputs/corl_pub_500k_v2/cheetah-run/clean/paper_horizon/s7,scripts/ncc_corl_paper_horizon_500k.sbatch,4a884eb16dcf4fb1a6c490c8f458c319cf8601e9,4a884eb16dcf4fb1a6c490c8f458c319cf8601e9,COMPLETED,500000,943.9610595703125,943.9610595703125,751.1382080078125,1.5033,True,completed full 500k profile
2026-05-12T23:15:49+00:00,launch,corl500k__cheetah-run__chaos__adaptive_rhs__s7,launched,2081,1,cheetah-run,chaos,adaptive_rhs,7,3,/home/goncalo/git/horizonsearch/tdmpc2-jax-codex/outputs/corl_pub_500k_v2/cheetah-run/chaos/adaptive_rhs/s7,scripts/ncc_corl_adaptive_rhs_500k.sbatch,6cdeec8acfe074e38f914516f9a9d16a41d331aa,6cdeec8acfe074e38f914516f9a9d16a41d331aa,,,,,,,,500k full profile
2026-05-12T23:35:45+00:00,completed,corl500k__cheetah-run__clean__adaptive_rhs__s7,completed,2077,1,cheetah-run,clean,adaptive_rhs,7,3,/home/goncalo/git/horizonsearch/tdmpc2-jax-codex/outputs/corl_pub_500k_v2/cheetah-run/clean/adaptive_rhs/s7,scripts/ncc_corl_adaptive_rhs_500k.sbatch,5cb6f0f2d6ecfa06854b81dae1be463c805d79d5,5cb6f0f2d6ecfa06854b81dae1be463c805d79d5,COMPLETED,500000,942.650390625,946.1692504882812,803.8886413574219,1.6353,True,completed full 500k profile
2026-05-12T23:35:57+00:00,launch,corl500k__hopper-hop__clean__paper_horizon__s7,launched,2082,1,hopper-hop,clean,paper_horizon,7,3,/home/goncalo/git/horizonsearch/tdmpc2-jax-codex/outputs/corl_pub_500k_v2/hopper-hop/clean/paper_horizon/s7,scripts/ncc_corl_paper_horizon_500k.sbatch,122527a84922f0781601f4c851394a7d83b78444,122527a84922f0781601f4c851394a7d83b78444,,,,,,,,500k full profile
2026-05-13T00:01:19+00:00,completed,corl500k__quadruped-run__chaos__adaptive_rhs__s7,completed,2075,1,quadruped-run,chaos,adaptive_rhs,7,3,/home/goncalo/git/horizonsearch/tdmpc2-jax-codex/outputs/corl_pub_500k_v2/quadruped-run/chaos/adaptive_rhs/s7,scripts/ncc_corl_adaptive_rhs_500k.sbatch,06f10357d71a8248b229f22056739a6a581879bb,06f10357d71a8248b229f22056739a6a581879bb,COMPLETED,500000,722.1163330078125,722.1163330078125,477.90154762268065,2.5597,True,completed full 500k profile
2026-05-13T00:01:31+00:00,launch,corl500k__hopper-hop__clean__adaptive_rhs__s7,launched,2083,1,hopper-hop,clean,adaptive_rhs,7,3,/home/goncalo/git/horizonsearch/tdmpc2-jax-codex/outputs/corl_pub_500k_v2/hopper-hop/clean/adaptive_rhs/s7,scripts/ncc_corl_adaptive_rhs_500k.sbatch,52a25321e2919897d968e52e297874bae90cf7c3,52a25321e2919897d968e52e297874bae90cf7c3,,,,,,,,500k full profile
2026-05-13T00:16:15+00:00,completed,corl500k__cheetah-run__chaos__paper_horizon__s7,completed,2078,1,cheetah-run,chaos,paper_horizon,7,3,/home/goncalo/git/horizonsearch/tdmpc2-jax-codex/outputs/corl_pub_500k_v2/cheetah-run/chaos/paper_horizon/s7,scripts/ncc_corl_paper_horizon_500k.sbatch,60962402abea3a1df6ddf1bd38a134c48c157c1f,60962402abea3a1df6ddf1bd38a134c48c157c1f,COMPLETED,500000,515.3593139648438,571.626953125,408.98929595947266,1.9381,True,completed full 500k profile
2026-05-13T00:16:27+00:00,launch,corl500k__hopper-hop__chaos__paper_horizon__s7,launched,2084,1,hopper-hop,chaos,paper_horizon,7,3,/home/goncalo/git/horizonsearch/tdmpc2-jax-codex/outputs/corl_pub_500k_v2/hopper-hop/chaos/paper_horizon/s7,scripts/ncc_corl_paper_horizon_500k.sbatch,c4bc8f83707c92126ad7c37f605e367491dde15c,c4bc8f83707c92126ad7c37f605e367491dde15c,,,,,,,,500k full profile
2026-05-13T01:21:45+00:00,completed,corl500k__hopper-hop__clean__paper_horizon__s7,completed,2082,1,hopper-hop,clean,paper_horizon,7,3,/home/goncalo/git/horizonsearch/tdmpc2-jax-codex/outputs/corl_pub_500k_v2/hopper-hop/clean/paper_horizon/s7,scripts/ncc_corl_paper_horizon_500k.sbatch,122527a84922f0781601f4c851394a7d83b78444,122527a84922f0781601f4c851394a7d83b78444,COMPLETED,500000,514.8854370117188,574.5623168945312,406.824285697937,1.7144,True,completed full 500k profile
2026-05-13T01:21:57+00:00,launch,corl500k__hopper-hop__chaos__adaptive_rhs__s7,launched,2085,1,hopper-hop,chaos,adaptive_rhs,7,3,/home/goncalo/git/horizonsearch/tdmpc2-jax-codex/outputs/corl_pub_500k_v2/hopper-hop/chaos/adaptive_rhs/s7,scripts/ncc_corl_adaptive_rhs_500k.sbatch,4707bb7c11514043bfe6f48827320f9ed6b19157,4707bb7c11514043bfe6f48827320f9ed6b19157,,,,,,,,500k full profile
2026-05-13T01:27:16+00:00,completed,corl500k__cheetah-run__chaos__adaptive_rhs__s7,completed,2081,1,cheetah-run,chaos,adaptive_rhs,7,3,/home/goncalo/git/horizonsearch/tdmpc2-jax-codex/outputs/corl_pub_500k_v2/cheetah-run/chaos/adaptive_rhs/s7,scripts/ncc_corl_adaptive_rhs_500k.sbatch,6cdeec8acfe074e38f914516f9a9d16a41d331aa,6cdeec8acfe074e38f914516f9a9d16a41d331aa,COMPLETED,500000,595.9439086914062,632.2290649414062,394.67392883300784,2.1036,True,completed full 500k profile
2026-05-13T01:27:28+00:00,launch,corl500k__finger-turn_hard__clean__paper_horizon__s7,launched,2086,1,finger-turn_hard,clean,paper_horizon,7,3,/home/goncalo/git/horizonsearch/tdmpc2-jax-codex/outputs/corl_pub_500k_v2/finger-turn_hard/clean/paper_horizon/s7,scripts/ncc_corl_paper_horizon_500k.sbatch,7c8c020d142a1e59058fbc3557ecc68bb8c4fab0,7c8c020d142a1e59058fbc3557ecc68bb8c4fab0,,,,,,,,500k full profile
2026-05-13T01:57:14+00:00,completed,corl500k__hopper-hop__clean__adaptive_rhs__s7,completed,2083,1,hopper-hop,clean,adaptive_rhs,7,3,/home/goncalo/git/horizonsearch/tdmpc2-jax-codex/outputs/corl_pub_500k_v2/hopper-hop/clean/adaptive_rhs/s7,scripts/ncc_corl_adaptive_rhs_500k.sbatch,52a25321e2919897d968e52e297874bae90cf7c3,52a25321e2919897d968e52e297874bae90cf7c3,COMPLETED,500000,469.66290283203125,483.65618896484375,343.55018730163573,1.8572,True,completed full 500k profile
2026-05-13T01:57:26+00:00,launch,corl500k__finger-turn_hard__clean__adaptive_rhs__s7,launched,2087,1,finger-turn_hard,clean,adaptive_rhs,7,3,/home/goncalo/git/horizonsearch/tdmpc2-jax-codex/outputs/corl_pub_500k_v2/finger-turn_hard/clean/adaptive_rhs/s7,scripts/ncc_corl_adaptive_rhs_500k.sbatch,e0b1dc2d1392023aa43f114fcf3e3056057d75b2,e0b1dc2d1392023aa43f114fcf3e3056057d75b2,,,,,,,,500k full profile
2026-05-13T02:27:16+00:00,completed,corl500k__hopper-hop__chaos__paper_horizon__s7,completed,2084,1,hopper-hop,chaos,paper_horizon,7,3,/home/goncalo/git/horizonsearch/tdmpc2-jax-codex/outputs/corl_pub_500k_v2/hopper-hop/chaos/paper_horizon/s7,scripts/ncc_corl_paper_horizon_500k.sbatch,c4bc8f83707c92126ad7c37f605e367491dde15c,c4bc8f83707c92126ad7c37f605e367491dde15c,COMPLETED,500000,292.3993835449219,292.3993835449219,185.45206480026246,2.1378,True,completed full 500k profile
2026-05-13T02:27:28+00:00,launch,corl500k__finger-turn_hard__chaos__paper_horizon__s7,launched,2088,1,finger-turn_hard,chaos,paper_horizon,7,3,/home/goncalo/git/horizonsearch/tdmpc2-jax-codex/outputs/corl_pub_500k_v2/finger-turn_hard/chaos/paper_horizon/s7,scripts/ncc_corl_paper_horizon_500k.sbatch,434861c1133684714014433c971909fde411add9,434861c1133684714014433c971909fde411add9,,,,,,,,500k full profile
2026-05-13T02:57:46+00:00,completed,corl500k__finger-turn_hard__clean__paper_horizon__s7,completed,2086,1,finger-turn_hard,clean,paper_horizon,7,3,/home/goncalo/git/horizonsearch/tdmpc2-jax-codex/outputs/corl_pub_500k_v2/finger-turn_hard/clean/paper_horizon/s7,scripts/ncc_corl_paper_horizon_500k.sbatch,7c8c020d142a1e59058fbc3557ecc68bb8c4fab0,7c8c020d142a1e59058fbc3557ecc68bb8c4fab0,COMPLETED,500000,818.2000122070312,971.5999755859375,722.6149917602539,1.5031,True,completed full 500k profile
2026-05-13T02:57:59+00:00,launch,corl500k__finger-turn_hard__chaos__adaptive_rhs__s7,launched,2089,1,finger-turn_hard,chaos,adaptive_rhs,7,3,/home/goncalo/git/horizonsearch/tdmpc2-jax-codex/outputs/corl_pub_500k_v2/finger-turn_hard/chaos/adaptive_rhs/s7,scripts/ncc_corl_adaptive_rhs_500k.sbatch,bc088585763b70c3633908f2122f434bb0c2982d,bc088585763b70c3633908f2122f434bb0c2982d,,,,,,,,500k full profile
2026-05-13T03:37:46+00:00,completed,corl500k__finger-turn_hard__clean__adaptive_rhs__s7,completed,2087,1,finger-turn_hard,clean,adaptive_rhs,7,3,/home/goncalo/git/horizonsearch/tdmpc2-jax-codex/outputs/corl_pub_500k_v2/finger-turn_hard/clean/adaptive_rhs/s7,scripts/ncc_corl_adaptive_rhs_500k.sbatch,e0b1dc2d1392023aa43f114fcf3e3056057d75b2,e0b1dc2d1392023aa43f114fcf3e3056057d75b2,COMPLETED,500000,916.9500122070312,924.4000244140625,688.3475006103515,1.6036,True,completed full 500k profile
2026-05-13T03:37:58+00:00,launch,corl500k__fish-swim__clean__paper_horizon__s7,launched,2090,1,fish-swim,clean,paper_horizon,7,3,/home/goncalo/git/horizonsearch/tdmpc2-jax-codex/outputs/corl_pub_500k_v2/fish-swim/clean/paper_horizon/s7,scripts/ncc_corl_paper_horizon_500k.sbatch,db1c5b2cdeb15fa60af4f29ec48bfd0f31e12050,db1c5b2cdeb15fa60af4f29ec48bfd0f31e12050,,,,,,,,500k full profile
2026-05-13T03:57:45+00:00,completed,corl500k__hopper-hop__chaos__adaptive_rhs__s7,completed,2085,1,hopper-hop,chaos,adaptive_rhs,7,3,/home/goncalo/git/horizonsearch/tdmpc2-jax-codex/outputs/corl_pub_500k_v2/hopper-hop/chaos/adaptive_rhs/s7,scripts/ncc_corl_adaptive_rhs_500k.sbatch,4707bb7c11514043bfe6f48827320f9ed6b19157,4707bb7c11514043bfe6f48827320f9ed6b19157,COMPLETED,500000,159.09022521972656,159.64846801757812,111.78927655220032,2.5819,True,completed full 500k profile
2026-05-13T03:57:57+00:00,launch,corl500k__fish-swim__clean__adaptive_rhs__s7,launched,2091,1,fish-swim,clean,adaptive_rhs,7,3,/home/goncalo/git/horizonsearch/tdmpc2-jax-codex/outputs/corl_pub_500k_v2/fish-swim/clean/adaptive_rhs/s7,scripts/ncc_corl_adaptive_rhs_500k.sbatch,f5555e93234ed66636a7534b817de4316e16324c,f5555e93234ed66636a7534b817de4316e16324c,,,,,,,,500k full profile
2026-05-13T04:27:49+00:00,completed,corl500k__finger-turn_hard__chaos__paper_horizon__s7,completed,2088,1,finger-turn_hard,chaos,paper_horizon,7,3,/home/goncalo/git/horizonsearch/tdmpc2-jax-codex/outputs/corl_pub_500k_v2/finger-turn_hard/chaos/paper_horizon/s7,scripts/ncc_corl_paper_horizon_500k.sbatch,434861c1133684714014433c971909fde411add9,434861c1133684714014433c971909fde411add9,COMPLETED,500000,580.4500122070312,778.5499877929688,566.8249969482422,1.9353,True,completed full 500k profile
2026-05-13T04:28:01+00:00,launch,corl500k__fish-swim__chaos__paper_horizon__s7,launched,2092,1,fish-swim,chaos,paper_horizon,7,3,/home/goncalo/git/horizonsearch/tdmpc2-jax-codex/outputs/corl_pub_500k_v2/fish-swim/chaos/paper_horizon/s7,scripts/ncc_corl_paper_horizon_500k.sbatch,37ee19a5224598f9995416ba4a7e2be027ba8847,37ee19a5224598f9995416ba4a7e2be027ba8847,,,,,,,,500k full profile
2026-05-13T05:07:53+00:00,completed,corl500k__fish-swim__clean__paper_horizon__s7,completed,2090,1,fish-swim,clean,paper_horizon,7,3,/home/goncalo/git/horizonsearch/tdmpc2-jax-codex/outputs/corl_pub_500k_v2/fish-swim/clean/paper_horizon/s7,scripts/ncc_corl_paper_horizon_500k.sbatch,db1c5b2cdeb15fa60af4f29ec48bfd0f31e12050,db1c5b2cdeb15fa60af4f29ec48bfd0f31e12050,COMPLETED,500000,723.5570678710938,773.7379150390625,488.8435760498047,1.4208,True,completed full 500k profile
2026-05-13T05:08:05+00:00,launch,corl500k__fish-swim__chaos__adaptive_rhs__s7,launched,2093,1,fish-swim,chaos,adaptive_rhs,7,3,/home/goncalo/git/horizonsearch/tdmpc2-jax-codex/outputs/corl_pub_500k_v2/fish-swim/chaos/adaptive_rhs/s7,scripts/ncc_corl_adaptive_rhs_500k.sbatch,e9ed4720f48d6fde986ec4d3b64c8c469eb23633,e9ed4720f48d6fde986ec4d3b64c8c469eb23633,,,,,,,,500k full profile
2026-05-13T05:12:51+00:00,completed,corl500k__finger-turn_hard__chaos__adaptive_rhs__s7,completed,2089,1,finger-turn_hard,chaos,adaptive_rhs,7,3,/home/goncalo/git/horizonsearch/tdmpc2-jax-codex/outputs/corl_pub_500k_v2/finger-turn_hard/chaos/adaptive_rhs/s7,scripts/ncc_corl_adaptive_rhs_500k.sbatch,bc088585763b70c3633908f2122f434bb0c2982d,bc088585763b70c3633908f2122f434bb0c2982d,COMPLETED,500000,838.75,838.75,503.4274963378906,2.2081,True,completed full 500k profile
2026-05-13T05:13:03+00:00,launch,corl500k__cartpole-swingup__clean__paper_horizon__s7,launched,2094,1,cartpole-swingup,clean,paper_horizon,7,3,/home/goncalo/git/horizonsearch/tdmpc2-jax-codex/outputs/corl_pub_500k_v2/cartpole-swingup/clean/paper_horizon/s7,scripts/ncc_corl_paper_horizon_500k.sbatch,945ff27852cb6a5202042e90cf94eb0b04245e9d,945ff27852cb6a5202042e90cf94eb0b04245e9d,,,,,,,,500k full profile
2026-05-13T05:33:20+00:00,completed,corl500k__fish-swim__clean__adaptive_rhs__s7,completed,2091,1,fish-swim,clean,adaptive_rhs,7,3,/home/goncalo/git/horizonsearch/tdmpc2-jax-codex/outputs/corl_pub_500k_v2/fish-swim/clean/adaptive_rhs/s7,scripts/ncc_corl_adaptive_rhs_500k.sbatch,f5555e93234ed66636a7534b817de4316e16324c,f5555e93234ed66636a7534b817de4316e16324c,COMPLETED,500000,674.2273559570312,749.3670654296875,496.24895133972166,1.5108,True,completed full 500k profile
2026-05-13T05:33:32+00:00,launch,corl500k__cartpole-swingup__clean__adaptive_rhs__s7,launched,2095,1,cartpole-swingup,clean,adaptive_rhs,7,3,/home/goncalo/git/horizonsearch/tdmpc2-jax-codex/outputs/corl_pub_500k_v2/cartpole-swingup/clean/adaptive_rhs/s7,scripts/ncc_corl_adaptive_rhs_500k.sbatch,8c4a46a3f5e69445c94a92744d5d4171b18839fd,8c4a46a3f5e69445c94a92744d5d4171b18839fd,,,,,,,,500k full profile
2026-05-13T06:23:17+00:00,completed,corl500k__fish-swim__chaos__paper_horizon__s7,completed,2092,1,fish-swim,chaos,paper_horizon,7,3,/home/goncalo/git/horizonsearch/tdmpc2-jax-codex/outputs/corl_pub_500k_v2/fish-swim/chaos/paper_horizon/s7,scripts/ncc_corl_paper_horizon_500k.sbatch,37ee19a5224598f9995416ba4a7e2be027ba8847,37ee19a5224598f9995416ba4a7e2be027ba8847,COMPLETED,500000,nan,nan,nan,1.8397,True,completed full 500k profile
2026-05-13T06:23:29+00:00,launch,corl500k__cartpole-swingup__chaos__paper_horizon__s7,launched,2096,1,cartpole-swingup,chaos,paper_horizon,7,3,/home/goncalo/git/horizonsearch/tdmpc2-jax-codex/outputs/corl_pub_500k_v2/cartpole-swingup/chaos/paper_horizon/s7,scripts/ncc_corl_paper_horizon_500k.sbatch,5e80c13625a64542dbc1cb8870c1eb9ebcc199bf,5e80c13625a64542dbc1cb8870c1eb9ebcc199bf,,,,,,,,500k full profile
2026-05-13T06:38:15+00:00,completed,corl500k__cartpole-swingup__clean__paper_horizon__s7,completed,2094,1,cartpole-swingup,clean,paper_horizon,7,3,/home/goncalo/git/horizonsearch/tdmpc2-jax-codex/outputs/corl_pub_500k_v2/cartpole-swingup/clean/paper_horizon/s7,scripts/ncc_corl_paper_horizon_500k.sbatch,945ff27852cb6a5202042e90cf94eb0b04245e9d,945ff27852cb6a5202042e90cf94eb0b04245e9d,COMPLETED,500000,878.4229736328125,882.83837890625,786.9003295898438,1.3653,True,completed full 500k profile
2026-05-13T06:38:27+00:00,launch,corl500k__cartpole-swingup__chaos__adaptive_rhs__s7,launched,2097,1,cartpole-swingup,chaos,adaptive_rhs,7,3,/home/goncalo/git/horizonsearch/tdmpc2-jax-codex/outputs/corl_pub_500k_v2/cartpole-swingup/chaos/adaptive_rhs/s7,scripts/ncc_corl_adaptive_rhs_500k.sbatch,62ba7b9ca67a20be7f365e898f591a5453a4f663,62ba7b9ca67a20be7f365e898f591a5453a4f663,,,,,,,,500k full profile
2026-05-13T07:08:18+00:00,completed,corl500k__fish-swim__chaos__adaptive_rhs__s7,completed,2093,1,fish-swim,chaos,adaptive_rhs,7,3,/home/goncalo/git/horizonsearch/tdmpc2-jax-codex/outputs/corl_pub_500k_v2/fish-swim/chaos/adaptive_rhs/s7,scripts/ncc_corl_adaptive_rhs_500k.sbatch,e9ed4720f48d6fde986ec4d3b64c8c469eb23633,e9ed4720f48d6fde986ec4d3b64c8c469eb23633,COMPLETED,500000,nan,nan,nan,1.9403,True,completed full 500k profile
2026-05-13T07:13:19+00:00,completed,corl500k__cartpole-swingup__clean__adaptive_rhs__s7,completed,2095,1,cartpole-swingup,clean,adaptive_rhs,7,3,/home/goncalo/git/horizonsearch/tdmpc2-jax-codex/outputs/corl_pub_500k_v2/cartpole-swingup/clean/adaptive_rhs/s7,scripts/ncc_corl_adaptive_rhs_500k.sbatch,8c4a46a3f5e69445c94a92744d5d4171b18839fd,8c4a46a3f5e69445c94a92744d5d4171b18839fd,COMPLETED,500000,882.3837890625,882.3837890625,776.1772277832031,1.6233,True,completed full 500k profile
2026-05-13T08:12:54+00:00,completed,corl500k__cartpole-swingup__chaos__paper_horizon__s7,completed,2096,1,cartpole-swingup,chaos,paper_horizon,7,3,/home/goncalo/git/horizonsearch/tdmpc2-jax-codex/outputs/corl_pub_500k_v2/cartpole-swingup/chaos/paper_horizon/s7,scripts/ncc_corl_paper_horizon_500k.sbatch,5e80c13625a64542dbc1cb8870c1eb9ebcc199bf,5e80c13625a64542dbc1cb8870c1eb9ebcc199bf,COMPLETED,500000,856.4693603515625,859.3443603515625,747.9734924316406,1.7828,True,completed full 500k profile
2026-05-13T08:51:42+00:00,completed,corl500k__cartpole-swingup__chaos__adaptive_rhs__s7,completed,2097,1,cartpole-swingup,chaos,adaptive_rhs,7,3,/home/goncalo/git/horizonsearch/tdmpc2-jax-codex/outputs/corl_pub_500k_v2/cartpole-swingup/chaos/adaptive_rhs/s7,scripts/ncc_corl_adaptive_rhs_500k.sbatch,62ba7b9ca67a20be7f365e898f591a5453a4f663,62ba7b9ca67a20be7f365e898f591a5453a4f663,COMPLETED,500000,861.5389404296875,861.5389404296875,758.4535827636719,2.1478,True,completed full 500k profile
