timestamp_utc,event_type,job_id,stage,env_id,regime,method,seed,run_label,git_commit,config_hash,run_dir,final_eval_mean,final_eval_std,best_eval_mean,best_eval_step,runtime,horizon_path,bucket_path,outcome,notes
2026-04-25T19:30:00+00:00,bootstrap,1179,quadruped_clean,quadruped-run,clean,no_rhs,15,parity_300k_vec8_s15,unknown,unknown,/home/goncalo/git/horizonsearch/tdmpc2-jax/outputs/quadruped-run_no_rhs_smoke_parity_300k_vec8_s15,924.65,16.91,924.65,300000,01:15:58,,,winner,Fixed-horizon h=3 clean no-RHS baseline.
2026-04-25T20:00:00+00:00,bootstrap,1181,quadruped_chaos,quadruped-run,chaos,no_rhs,15,parity_300k_vec8_s15_chaos,unknown,unknown,/home/goncalo/git/horizonsearch/tdmpc2-jax/outputs/quadruped-run_chaos_no_rhs_parity_300k_vec8_s15_chaos,683.0,,683.0,,unknown,,,baseline,Chaos no-RHS reference from earlier campaign artifacts.
2026-04-27T21:00:00+00:00,bootstrap,1387,quadruped_clean,quadruped-run,clean,dense_rhs_sparse_hifi,15,dense_rhs_bucket_hifi_300k_vec8_s15_start20k,unknown,unknown,/home/goncalo/git/horizonsearch/tdmpc2-jax/outputs/quadruped-run_dense_rhs_clean_dense_rhs_bucket_hifi_300k_vec8_s15_start20k,915.34,24.33,915.34,300000,01:29:59,2->2->3->2->3->4,,winner,Best clean Dense-RHS so far; non-inferior to 1179 at 98 percent threshold.
2026-04-28T11:00:00+00:00,bootstrap,1600,quadruped_clean,quadruped-run,clean,dense_rhs_credible_p65_c006,15,dense_rhs_credible_hifi_300k_vec8_s15_p65_c006_start20k,unknown,unknown,/home/goncalo/git/horizonsearch/tdmpc2-jax/outputs/quadruped-run_dense_rhs_clean_dense_rhs_credible_hifi_300k_vec8_s15_p65_c006_start20k,889.66,22.17,889.66,300000,01:26:10,3->3->3->3->3->3,4,failed,Too conservative; blocked useful h=4 proposals.
2026-04-30T13:00:00+00:00,bootstrap,1618,quadruped_clean,quadruped-run,clean,dense_rhs_credible_mid_p56_c003,15,dense_rhs_credible_mid_300k_vec8_s15_p56_c003_start20k,unknown,unknown,/home/goncalo/git/horizonsearch/tdmpc2-jax/outputs/quadruped-run_dense_rhs_clean_dense_rhs_credible_mid_300k_vec8_s15_p56_c003_start20k,516.52,323.68,894.10,250000,01:38:32,3->3->4->4->4->5,4->8,failed,Late h=5 switch mapped to bucket 8 and destabilized final eval.
2026-05-01T10:15:53+00:00,launch,1644,quadruped_clean,quadruped-run,clean,dense_rhs_expected_improvement,15,dense_rhs_ei_smoke_80k_vec8_s15_risk15_c003_start20k,3f951015363345d4c34acc4a12a0c2e1f8dc3515,cda64374b41a8940,/home/goncalo/git/horizonsearch/tdmpc2-jax/outputs/quadruped-run_dense_rhs_clean_dense_rhs_ei_smoke_80k_vec8_s15_risk15_c003_start20k,,,,,,,,launched,Smoke the expected-improvement transition RFC before any full run. Requires committed/synced code; steward must refuse launch while dirty.
2026-05-01T14:29:12+00:00,completed,1644,quadruped_clean,quadruped-run,clean,dense_rhs_expected_improvement,15,dense_rhs_ei_smoke_80k_vec8_s15_risk15_c003_start20k,3f951015363345d4c34acc4a12a0c2e1f8dc3515,cda64374b41a8940,/home/goncalo/git/horizonsearch/tdmpc2-jax-codex/outputs/quadruped-run_dense_rhs_clean_dense_rhs_ei_smoke_80k_vec8_s15_risk15_c003_start20k,241.28457641601562,123.68336486816406,241.28457641601562,80000,00:39:23,3->3->3,4->4->4->4->4->4->4->4->4->4->4,ei_too_conservative,EI smoke stayed at h=3 with non-positive expected net benefit at every query; lower risk/cost should be tested before a full run.
2026-05-01T14:30:11+00:00,launch,1655,quadruped_clean,quadruped-run,clean,dense_rhs_expected_improvement,15,dense_rhs_ei_smoke_80k_vec8_s15_risk05_c002_start20k,7d199fb30df46b54286f5a8f9ad48b1560b53116,df75daf6ab3e6cd7,/home/goncalo/git/horizonsearch/tdmpc2-jax-codex/outputs/quadruped-run_dense_rhs_clean_dense_rhs_ei_smoke_80k_vec8_s15_risk05_c002_start20k,,,,,,,,launched,Auto-generated after the risk=1.5 EI smoke was too conservative. Tests a lower risk penalty and lower transition cost while preserving the same sparse HiFi query budget.
2026-05-01T15:18:52+00:00,completed,1655,quadruped_clean,quadruped-run,clean,dense_rhs_expected_improvement,15,dense_rhs_ei_smoke_80k_vec8_s15_risk05_c002_start20k,7d199fb30df46b54286f5a8f9ad48b1560b53116,df75daf6ab3e6cd7,/home/goncalo/git/horizonsearch/tdmpc2-jax-codex/outputs/quadruped-run_dense_rhs_clean_dense_rhs_ei_smoke_80k_vec8_s15_risk05_c002_start20k,286.9360656738281,150.44711303710938,286.9360656738281,80000,00:41:16,2->2->2,4->4->4->4->4->4->4->4->4->4->4,weak_smoke,"EI smoke best eval is low at `286.9360656738281`; needs a bounded parameter iteration, not a full run."
2026-05-01T15:19:24+00:00,launch,1658,quadruped_clean,quadruped-run,clean,dense_rhs_expected_improvement,15,dense_rhs_ei_smoke_80k_vec8_s15_risk10_c002_min010_start20k,61c5db6c01171304c2c9d73f52bdbb1983855a7f,7fdf2ca46adbdc43,/home/goncalo/git/horizonsearch/tdmpc2-jax-codex/outputs/quadruped-run_dense_rhs_clean_dense_rhs_ei_smoke_80k_vec8_s15_risk10_c002_min010_start20k,,,,,,,,launched,Auto-generated after the lower-risk EI smoke downshifted to h=2 and stayed weak. Tests the midpoint risk setting plus a positive expected-net threshold so switches require clearer utility evidence.
2026-05-01T16:12:26+00:00,completed,1658,quadruped_clean,quadruped-run,clean,dense_rhs_expected_improvement,15,dense_rhs_ei_smoke_80k_vec8_s15_risk10_c002_min010_start20k,61c5db6c01171304c2c9d73f52bdbb1983855a7f,7fdf2ca46adbdc43,/home/goncalo/git/horizonsearch/tdmpc2-jax-codex/outputs/quadruped-run_dense_rhs_clean_dense_rhs_ei_smoke_80k_vec8_s15_risk10_c002_min010_start20k,463.6806945800781,129.16029357910156,463.6806945800781,80000,00:43:00,3->3->3,4->4->4->4->4->4->4->4->4->4->4,weak_smoke,"EI smoke best eval is low at `463.6806945800781`; needs a bounded parameter iteration, not a full run."
2026-05-01T16:17:59+00:00,launch,1659,quadruped_clean,quadruped-run,clean,dense_rhs_sparse_hifi,15,dense_rhs_sparse_hifi_smoke_120k_vec8_s15_start20k,7a2f1fdb831160c4aac855feee0ceafe5f51a4a9,c65be80bb679181c,/home/goncalo/git/horizonsearch/tdmpc2-jax-codex/outputs/quadruped-run_dense_rhs_clean_dense_rhs_sparse_hifi_smoke_120k_vec8_s15_start20k,,,,,,,,launched,Fallback after the expected-improvement transition family produced weak 80k smokes. Re-tests the known Sparse-HiFi Dense-RHS family with a bounded 120k smoke and early-stop monitoring.
2026-05-01T17:22:26+00:00,completed,1659,quadruped_clean,quadruped-run,clean,dense_rhs_sparse_hifi,15,dense_rhs_sparse_hifi_smoke_120k_vec8_s15_start20k,7a2f1fdb831160c4aac855feee0ceafe5f51a4a9,c65be80bb679181c,/home/goncalo/git/horizonsearch/tdmpc2-jax-codex/outputs/quadruped-run_dense_rhs_clean_dense_rhs_sparse_hifi_smoke_120k_vec8_s15_start20k,640.4043579101562,58.951446533203125,640.4043579101562,120000,00:56:30,2->2,4->4->4->4->4->4->4->4->4->4->4->4->4->4,completed,Completed; no automatic classifier for this method.
2026-05-01T17:23:49+00:00,launch,1661,quadruped_chaos,quadruped-run,chaos,dense_rhs_sparse_hifi,15,dense_rhs_sparse_hifi_chaos_smoke_120k_vec8_s15_start20k,bf2b62bb45208337098d093b68d0278ba7ba5805,9d8a812d817a6f16,/home/goncalo/git/horizonsearch/tdmpc2-jax-codex/outputs/quadruped-run_dense_rhs_chaos_dense_rhs_sparse_hifi_chaos_smoke_120k_vec8_s15_start20k,,,,,,,,launched,First quadruped chaos Dense-RHS smoke after clean Sparse-HiFi recovered at 120k and clean 1387 already satisfies non-inferiority. Uses clean evaluation and chaos training.
2026-05-01T17:31:25+00:00,cancelled,1661,quadruped_chaos,quadruped-run,chaos,dense_rhs_sparse_hifi,15,dense_rhs_sparse_hifi_chaos_smoke_120k_vec8_s15_start20k,bf2b62bb45208337098d093b68d0278ba7ba5805,9d8a812d817a6f16,/home/goncalo/git/horizonsearch/tdmpc2-jax-codex/outputs/quadruped-run_dense_rhs_chaos_dense_rhs_sparse_hifi_chaos_smoke_120k_vec8_s15_start20k,,,,,00:07:22,,,postponed_clean_plus2,Chaos validation postponed until clean Dense-RHS beats the no-RHS baseline by 2%.
2026-05-01T17:34:51+00:00,launch,1662,quadruped_clean_plus2,quadruped-run,clean,dense_rhs_sparse_hifi,15,dense_rhs_plus2_sparse_hifi_margin08_300k_vec8_s15_start20k,c7ebcc476f2da8311be701b3a33ca777cc957eb9,4284e92f17e5d66c,/home/goncalo/git/horizonsearch/tdmpc2-jax-codex/outputs/quadruped-run_dense_rhs_clean_dense_rhs_plus2_sparse_hifi_margin08_300k_vec8_s15_start20k,,,,,,,,launched,Clean +2% target attempt A. Full 300k Sparse-HiFi run with stronger incumbent margin to avoid low-evidence early downshifts while preserving free adaptive horizon choice.
2026-05-01T17:35:18+00:00,launch,1663,quadruped_clean_plus2,quadruped-run,clean,dense_rhs_sparse_hifi,15,dense_rhs_plus2_sparse_hifi_start70_300k_vec8_s15,27e8b79a450f8f5ea241ef88f094adb10ff92ad1,dfd5c530f1620d73,/home/goncalo/git/horizonsearch/tdmpc2-jax-codex/outputs/quadruped-run_dense_rhs_clean_dense_rhs_plus2_sparse_hifi_start70_300k_vec8_s15,,,,,,,,launched,"Clean +2% target attempt B. Full 300k Sparse-HiFi run with moderate 70k fixed-horizon warmup, then free adaptive Dense-RHS."
2026-05-01T19:10:57+00:00,completed,1662,quadruped_clean_plus2,quadruped-run,clean,dense_rhs_sparse_hifi,15,dense_rhs_plus2_sparse_hifi_margin08_300k_vec8_s15_start20k,c7ebcc476f2da8311be701b3a33ca777cc957eb9,4284e92f17e5d66c,/home/goncalo/git/horizonsearch/tdmpc2-jax-codex/outputs/quadruped-run_dense_rhs_clean_dense_rhs_plus2_sparse_hifi_margin08_300k_vec8_s15_start20k,901.0157470703125,17.160640716552734,901.0157470703125,300000,01:31:16,2->2->3->4->4->4,4->4->4->4->4->4->4->4->4->4->4->4->4->4->4->4->4->4->4->4->4->4->4->4->4->4->4->4->4->4->4->4->4->4->4->4,completed,Completed; no automatic classifier for this method.
2026-05-01T19:10:59+00:00,completed,1663,quadruped_clean_plus2,quadruped-run,clean,dense_rhs_sparse_hifi,15,dense_rhs_plus2_sparse_hifi_start70_300k_vec8_s15,27e8b79a450f8f5ea241ef88f094adb10ff92ad1,dfd5c530f1620d73,/home/goncalo/git/horizonsearch/tdmpc2-jax-codex/outputs/quadruped-run_dense_rhs_clean_dense_rhs_plus2_sparse_hifi_start70_300k_vec8_s15,922.63330078125,21.33823585510254,922.63330078125,300000,01:31:18,3->3->3->3->3,4->4->4->4->4->4->4->4->4->4->4->4->4->4->4->4->4->4->4->4->4->4->4->4->4->4->4->4->4->4->4->4->4->4->4,completed,Completed; no automatic classifier for this method.
2026-05-01T19:12:23+00:00,launch,1670,quadruped_clean_plus2,quadruped-run,clean,dense_rhs_sparse_hifi,15,dense_rhs_plus2_sparse_hifi_start120_margin03_300k_vec8_s15,43c61739510173e9053227d7e6118c1195639933,36250c7f8e0799b9,/home/goncalo/git/horizonsearch/tdmpc2-jax-codex/outputs/quadruped-run_dense_rhs_clean_dense_rhs_plus2_sparse_hifi_start120_margin03_300k_vec8_s15,,,,,,,,launched,"Clean +2% target attempt C. Delay adaptation to 120k so early TD-MPC2 learning stays close to the best no-RHS trajectory, then allow a small-margin free adaptive Sparse-HiFi search."
2026-05-01T19:12:39+00:00,launch,1671,quadruped_clean_plus2,quadruped-run,clean,dense_rhs_sparse_hifi,15,dense_rhs_plus2_sparse_hifi_start70_returnlite_300k_vec8_s15,1178749682de547f84d9b0752790e19534f23368,f23da6cefb88b5e6,/home/goncalo/git/horizonsearch/tdmpc2-jax-codex/outputs/quadruped-run_dense_rhs_clean_dense_rhs_plus2_sparse_hifi_start70_returnlite_300k_vec8_s15,,,,,,,,launched,Clean +2% target attempt D. Keep the strong 70k warmup profile but make deployment mildly return-dominant so the search can exploit a clearly better local horizon instead of staying fixed at h=3.
2026-05-01T20:47:30+00:00,completed,1670,quadruped_clean_plus2,quadruped-run,clean,dense_rhs_sparse_hifi,15,dense_rhs_plus2_sparse_hifi_start120_margin03_300k_vec8_s15,43c61739510173e9053227d7e6118c1195639933,36250c7f8e0799b9,/home/goncalo/git/horizonsearch/tdmpc2-jax-codex/outputs/quadruped-run_dense_rhs_clean_dense_rhs_plus2_sparse_hifi_start120_margin03_300k_vec8_s15,831.63916015625,21.24997901916504,831.63916015625,300000,01:34:51,2->2->3->3,4->4->4->4->4->4->4->4->4->4->4->4->4->4->4->4->4->4->4->4->4->4->4->4->4->4->4->4->4->4->4->4->4->4,completed,Completed; no automatic classifier for this method.
2026-05-01T20:48:56+00:00,completed,1671,quadruped_clean_plus2,quadruped-run,clean,dense_rhs_sparse_hifi,15,dense_rhs_plus2_sparse_hifi_start70_returnlite_300k_vec8_s15,1178749682de547f84d9b0752790e19534f23368,f23da6cefb88b5e6,/home/goncalo/git/horizonsearch/tdmpc2-jax-codex/outputs/quadruped-run_dense_rhs_clean_dense_rhs_plus2_sparse_hifi_start70_returnlite_300k_vec8_s15,855.7972412109375,17.007858276367188,855.7972412109375,300000,01:35:10,3->2->3->2->3,4->4->4->4->4->4->4->4->4->4->4->4->4->4->4->4->4->4->4->4->4->4->4->4->4->4->4->4->4->4->4->4->4->4->4,completed,Completed; no automatic classifier for this method.
2026-05-01T20:49:50+00:00,launch,1672,quadruped_clean_plus2,quadruped-run,clean,dense_rhs_sparse_hifi,15,dense_rhs_plus2_sparse_hifi_start70_returndom_r2b5_300k_vec8_s15,ac3f42fac857e6e94ce6f5f0092095606b16e023,bc125389b8843141,/home/goncalo/git/horizonsearch/tdmpc2-jax-codex/outputs/quadruped-run_dense_rhs_clean_dense_rhs_plus2_sparse_hifi_start70_returndom_r2b5_300k_vec8_s15,,,,,,,,launched,"Clean +2% target attempt E. Keep the 70k warmup but widen the local search to radius 2 with five candidates and return-dominant deployment, testing whether richer local evidence can improve over the stable h=3 profile."
2026-05-01T20:50:15+00:00,launch,1673,quadruped_clean_plus2,quadruped-run,clean,dense_rhs_sparse_hifi,15,dense_rhs_plus2_sparse_hifi_start20_r2b5_margin05_300k_vec8_s15,7c8f442c9554f0f01e9e06a211f3bcb8f6451d59,7d25efea6a077952,/home/goncalo/git/horizonsearch/tdmpc2-jax-codex/outputs/quadruped-run_dense_rhs_clean_dense_rhs_plus2_sparse_hifi_start20_r2b5_margin05_300k_vec8_s15,,,,,,,,launched,"Clean +2% target attempt F. Return to early adaptation, but widen the high-fidelity local window to radius 2 with five candidates and keep the standard geometric deployment score plus a moderate incumbent margin."
2026-05-01T21:34:54+00:00,cancelled,1672,quadruped_clean_plus2,quadruped-run,clean,dense_rhs_sparse_hifi,15,dense_rhs_plus2_sparse_hifi_start70_returndom_r2b5_300k_vec8_s15,ac3f42fac857e6e94ce6f5f0092095606b16e023,bc125389b8843141,/home/goncalo/git/horizonsearch/tdmpc2-jax-codex/outputs/quadruped-run_dense_rhs_clean_dense_rhs_plus2_sparse_hifi_start70_returndom_r2b5_300k_vec8_s15,97.265380859375,141.6887664794922,97.265380859375,50000,00:44:33,4,4->4->4->4->4->4->4->4->4->4->4,failed,SLURM state `CANCELLED by 1002`.
2026-05-01T21:34:56+00:00,cancelled,1673,quadruped_clean_plus2,quadruped-run,clean,dense_rhs_sparse_hifi,15,dense_rhs_plus2_sparse_hifi_start20_r2b5_margin05_300k_vec8_s15,7c8f442c9554f0f01e9e06a211f3bcb8f6451d59,7d25efea6a077952,/home/goncalo/git/horizonsearch/tdmpc2-jax-codex/outputs/quadruped-run_dense_rhs_clean_dense_rhs_plus2_sparse_hifi_start20_r2b5_margin05_300k_vec8_s15,262.2226867675781,118.21903228759766,262.2226867675781,50000,00:44:08,3->4,4->4->4->4->4->4->4->4->4->4->4,failed,SLURM state `CANCELLED by 1002`.
2026-05-01T21:35:21+00:00,launch,1674,quadruped_clean_plus2,quadruped-run,clean,dense_rhs_sparse_hifi,15,dense_rhs_plus2_evidence_ultrahifi_start70_300k_vec8_s15,da4f7dc28a95ff4d6f497bbb9f1c8af4e71ec993,fa7289bfe123fde2,/home/goncalo/git/horizonsearch/tdmpc2-jax-codex/outputs/quadruped-run_dense_rhs_clean_dense_rhs_plus2_evidence_ultrahifi_start70_300k_vec8_s15,,,,,,,,launched,"Evidence-quality hypothesis G. Keep the safe start-70 schedule, but use full training-planner query budget plus 32 replicas and 512 eval steps so horizon comparisons have lower variance before switching."
2026-05-01T21:35:41+00:00,launch,1675,quadruped_clean_plus2,quadruped-run,clean,dense_rhs_sparse_hifi,15,dense_rhs_plus2_evidence_ultrahifi_returnlocal_300k_vec8_s15,430a9319aecf89dc3fcd257af2cf3a70a4318443,8fd6c8926413dbc4,/home/goncalo/git/horizonsearch/tdmpc2-jax-codex/outputs/quadruped-run_dense_rhs_clean_dense_rhs_plus2_evidence_ultrahifi_returnlocal_300k_vec8_s15,,,,,,,,launched,"Evidence-quality hypothesis H. Combine lower-variance ultra-HiFi candidate evaluation with a wider radius-2 local window and only mild roughness/std penalties, testing whether better evidence reveals a useful non-h=3 local horizon."
2026-05-01T21:36:01+00:00,launch,1676,quadruped_clean_plus2,quadruped-run,clean,dense_rhs_sparse_hifi,15,dense_rhs_plus2_evidence_ultrahifi_start20_300k_vec8_s15,b3aab0ac9342ff35443900b97c54694f535e5c00,33f27ddde45d8786,/home/goncalo/git/horizonsearch/tdmpc2-jax-codex/outputs/quadruped-run_dense_rhs_clean_dense_rhs_plus2_evidence_ultrahifi_start20_300k_vec8_s15,,,,,,,,launched,"Evidence-quality hypothesis I. Early start-20 adaptation with ultra-HiFi query evidence, testing whether the original early-adaptive family was under-informed rather than harmed by early search itself."
2026-05-01T23:38:27+00:00,completed,1674,quadruped_clean_plus2,quadruped-run,clean,dense_rhs_sparse_hifi,15,dense_rhs_plus2_evidence_ultrahifi_start70_300k_vec8_s15,da4f7dc28a95ff4d6f497bbb9f1c8af4e71ec993,fa7289bfe123fde2,/home/goncalo/git/horizonsearch/tdmpc2-jax-codex/outputs/quadruped-run_dense_rhs_clean_dense_rhs_plus2_evidence_ultrahifi_start70_300k_vec8_s15,884.75537109375,28.268857955932617,884.75537109375,300000,02:00:12,3->4->5->5->6,4->4->4->4->4->4->4->4->4->4->4->4->4->4->4->4->4->4->4->8->8->8->8->8->8->8->8->8->8->8->8->8->8->8->8,completed,Completed; no automatic classifier for this method.
2026-05-01T23:38:29+00:00,completed,1676,quadruped_clean_plus2,quadruped-run,clean,dense_rhs_sparse_hifi,15,dense_rhs_plus2_evidence_ultrahifi_start20_300k_vec8_s15,b3aab0ac9342ff35443900b97c54694f535e5c00,33f27ddde45d8786,/home/goncalo/git/horizonsearch/tdmpc2-jax-codex/outputs/quadruped-run_dense_rhs_clean_dense_rhs_plus2_evidence_ultrahifi_start20_300k_vec8_s15,849.2491455078125,15.82135009765625,849.2491455078125,300000,01:56:26,3->3->4->5->5->4,4->4->4->4->4->4->4->4->4->4->4->4->4->4->4->4->4->4->4->4->8->8->8->8->8->8->8->8->8->8->8->8->4->4->4->4,completed,Completed; no automatic classifier for this method.
2026-05-01T23:53:59+00:00,completed,1675,quadruped_clean_plus2,quadruped-run,clean,dense_rhs_sparse_hifi,15,dense_rhs_plus2_evidence_ultrahifi_returnlocal_300k_vec8_s15,430a9319aecf89dc3fcd257af2cf3a70a4318443,8fd6c8926413dbc4,/home/goncalo/git/horizonsearch/tdmpc2-jax-codex/outputs/quadruped-run_dense_rhs_clean_dense_rhs_plus2_evidence_ultrahifi_returnlocal_300k_vec8_s15,729.8106079101562,17.057329177856445,740.24560546875,250000,02:07:45,3->4->5->6->6,4->4->4->4->4->4->4->4->4->4->4->4->4->4->4->4->4->4->4->8->8->8->8->8->8->8->8->8->8->8->8->8->8->8->8,completed,Completed; no automatic classifier for this method.
2026-05-02T00:11:38+00:00,launch,1686,quadruped_clean_plus2,quadruped-run,clean,dense_rhs_shadow_probe,15,dense_rhs_plus2_shadowprobe_w0p25_120k_vec8_s15_start20k,4c4dda3ddd588b49c56460cb0ca02183a08b911c,ef06934d30d58fb6,/home/goncalo/git/horizonsearch/tdmpc2-jax-codex/outputs/quadruped-run_dense_rhs_clean_dense_rhs_plus2_shadowprobe_w0p25_120k_vec8_s15_start20k,,,,,,,,launched,"Auto-dispatched shadow-horizon training-stat smoke. Deployment score is multiplied by a dense learner proxy term `u_h^w`, where `u_h` is inverse-normalized probe mean loss from the shared replay rollout."
2026-05-02T00:12:05+00:00,launch,1687,quadruped_clean_plus2,quadruped-run,clean,dense_rhs_shadow_probe,15,dense_rhs_plus2_shadowprobe_w0p5_120k_vec8_s15_start20k,f9228a80c17beea1e0a34eed6a1d306ee1a022c1,e5e05a1c0a439792,/home/goncalo/git/horizonsearch/tdmpc2-jax-codex/outputs/quadruped-run_dense_rhs_clean_dense_rhs_plus2_shadowprobe_w0p5_120k_vec8_s15_start20k,,,,,,,,launched,"Auto-dispatched shadow-horizon training-stat smoke. Deployment score is multiplied by a dense learner proxy term `u_h^w`, where `u_h` is inverse-normalized probe mean loss from the shared replay rollout."
2026-05-02T00:12:26+00:00,launch,1688,quadruped_clean_plus2,quadruped-run,clean,dense_rhs_shadow_probe,15,dense_rhs_plus2_shadowprobe_w1p0_120k_vec8_s15_start20k,8c1e1540bf52c784fe5766936b85daa9b8e32dbb,8ae2b81156eee6fb,/home/goncalo/git/horizonsearch/tdmpc2-jax-codex/outputs/quadruped-run_dense_rhs_clean_dense_rhs_plus2_shadowprobe_w1p0_120k_vec8_s15_start20k,,,,,,,,launched,"Auto-dispatched shadow-horizon training-stat smoke. Deployment score is multiplied by a dense learner proxy term `u_h^w`, where `u_h` is inverse-normalized probe mean loss from the shared replay rollout."
2026-05-02T00:47:06+00:00,cancelled,1688,quadruped_clean_plus2,quadruped-run,clean,dense_rhs_shadow_probe,15,dense_rhs_plus2_shadowprobe_w1p0_120k_vec8_s15_start20k,8c1e1540bf52c784fe5766936b85daa9b8e32dbb,8ae2b81156eee6fb,/home/goncalo/git/horizonsearch/tdmpc2-jax-codex/outputs/quadruped-run_dense_rhs_clean_dense_rhs_plus2_shadowprobe_w1p0_120k_vec8_s15_start20k,274.5364074707031,156.55780029296875,274.5364074707031,40000,00:30:43,3,4->4->4->4->4->4,failed,SLURM state `CANCELLED by 1002`.
2026-05-02T01:02:01+00:00,completed,1686,quadruped_clean_plus2,quadruped-run,clean,dense_rhs_shadow_probe,15,dense_rhs_plus2_shadowprobe_w0p25_120k_vec8_s15_start20k,4c4dda3ddd588b49c56460cb0ca02183a08b911c,ef06934d30d58fb6,/home/goncalo/git/horizonsearch/tdmpc2-jax-codex/outputs/quadruped-run_dense_rhs_clean_dense_rhs_plus2_shadowprobe_w0p25_120k_vec8_s15_start20k,684.2154541015625,26.09765625,684.2154541015625,120000,00:48:44,3->3,4->4->4->4->4->4->4->4->4->4->4->4->4->4,completed,Completed; no automatic classifier for this method.
2026-05-02T01:02:03+00:00,completed,1687,quadruped_clean_plus2,quadruped-run,clean,dense_rhs_shadow_probe,15,dense_rhs_plus2_shadowprobe_w0p5_120k_vec8_s15_start20k,f9228a80c17beea1e0a34eed6a1d306ee1a022c1,e5e05a1c0a439792,/home/goncalo/git/horizonsearch/tdmpc2-jax-codex/outputs/quadruped-run_dense_rhs_clean_dense_rhs_plus2_shadowprobe_w0p5_120k_vec8_s15_start20k,578.2000732421875,16.3250789642334,578.2000732421875,120000,00:47:00,2->2,4->4->4->4->4->4->4->4->4->4->4->4->4->4,completed,Completed; no automatic classifier for this method.
2026-05-02T01:02:09+00:00,launch,1691,quadruped_clean_plus2,quadruped-run,clean,dense_rhs_shadow_probe,15,dense_rhs_plus2_shadowprobe_w0p25_300k_vec8_s15_start20k,0345fb3ff45ae7d50eb572e9ae579f1d511ef137,2766bae6f2785021,/home/goncalo/git/horizonsearch/tdmpc2-jax-codex/outputs/quadruped-run_dense_rhs_clean_dense_rhs_plus2_shadowprobe_w0p25_300k_vec8_s15_start20k,,,,,,,,launched,Auto-promoted from the best completed shadow-probe smoke. Runs the same learner-proxy Dense-RHS setting for 300k to test the clean +2% gate.
2026-05-02T01:56:12+00:00,cancelled,1691,quadruped_clean_plus2,quadruped-run,clean,dense_rhs_shadow_probe,15,dense_rhs_plus2_shadowprobe_w0p25_300k_vec8_s15_start20k,0345fb3ff45ae7d50eb572e9ae579f1d511ef137,2766bae6f2785021,/home/goncalo/git/horizonsearch/tdmpc2-jax-codex/outputs/quadruped-run_dense_rhs_clean_dense_rhs_plus2_shadowprobe_w0p25_300k_vec8_s15_start20k,68.86866760253906,175.0941619873047,68.86866760253906,100000,00:53:46,3->4->4,4->4->4->4->4->4->4->4->4->4->4->4->4->4->4->4,failed,SLURM state `CANCELLED by 1002`.
2026-05-02T08:49:45+00:00,launch,1692,quadruped_clean_plus2,quadruped-run,clean,dense_rhs_sparse_hifi,15,dense_rhs_plus2_anchor_start70_margin10_300k_vec8_s15,c1bf9cd501c3376cdd6cc2c768d1198b0bae178f,444485a8de89a6a0,/home/goncalo/git/horizonsearch/tdmpc2-jax-codex/outputs/quadruped-run_dense_rhs_clean_dense_rhs_plus2_anchor_start70_margin10_300k_vec8_s15,,,,,,,,launched,"Anchor retry after shadow-probe failure: stricter incumbent margin, start70, standard Sparse-HiFi query. Tests whether stable h=3 with only very high-confidence h=4 moves can exceed the 922.63 near-baseline run."
2026-05-02T08:50:09+00:00,launch,1693,quadruped_clean_plus2,quadruped-run,clean,dense_rhs_sparse_hifi,15,dense_rhs_plus2_anchor_start90_margin06_300k_vec8_s15,953ed9815950dddc686dd340ecb2a2b89d832eaa,baba69fc52bebb50,/home/goncalo/git/horizonsearch/tdmpc2-jax-codex/outputs/quadruped-run_dense_rhs_clean_dense_rhs_plus2_anchor_start90_margin06_300k_vec8_s15,,,,,,,,launched,"Anchor retry after shadow-probe failure: longer fixed-h=3 competence warmup, then small local search. Tests if adaptation after 90k can exploit without disrupting early learning."
2026-05-02T10:44:29+00:00,completed,1692,quadruped_clean_plus2,quadruped-run,clean,dense_rhs_sparse_hifi,15,dense_rhs_plus2_anchor_start70_margin10_300k_vec8_s15,c1bf9cd501c3376cdd6cc2c768d1198b0bae178f,444485a8de89a6a0,/home/goncalo/git/horizonsearch/tdmpc2-jax-codex/outputs/quadruped-run_dense_rhs_clean_dense_rhs_plus2_anchor_start70_margin10_300k_vec8_s15,898.3875122070312,21.15914535522461,898.3875122070312,300000,01:47:51,4->3->4->5->5,4->4->4->4->4->4->4->4->4->4->4->4->4->4->4->4->4->4->4->4->4->4->4->4->4->8->8->8->8->8->8->8->8->8->8,completed,Completed; no automatic classifier for this method.
2026-05-02T10:44:31+00:00,completed,1693,quadruped_clean_plus2,quadruped-run,clean,dense_rhs_sparse_hifi,15,dense_rhs_plus2_anchor_start90_margin06_300k_vec8_s15,953ed9815950dddc686dd340ecb2a2b89d832eaa,baba69fc52bebb50,/home/goncalo/git/horizonsearch/tdmpc2-jax-codex/outputs/quadruped-run_dense_rhs_clean_dense_rhs_plus2_anchor_start90_margin06_300k_vec8_s15,906.2188720703125,31.46767234802246,906.2188720703125,300000,01:47:01,3->4->4->5->4,4->4->4->4->4->4->4->4->4->4->4->4->4->4->4->4->4->4->4->4->4->4->4->4->4->4->4->8->8->8->8->8->8->4->4,completed,Completed; no automatic classifier for this method.
2026-05-02T13:17:59+00:00,launch,1701,quadruped_clean_plus2,quadruped-run,clean,dense_rhs_horizon_trust_region,15,dense_rhs_plus2_hcap4_start70_margin04_300k_vec8_s15,0e5a6fb40ca77835444992a05d4efa14a866bab0,06ac33cb7c1ad131,/home/goncalo/git/horizonsearch/tdmpc2-jax-codex/outputs/quadruped-run_dense_rhs_clean_dense_rhs_plus2_hcap4_start70_margin04_300k_vec8_s15,,,,,,,,launched,"RFC horizon-trust-region A: replay the near-winning Sparse-HiFi start70 family while restricting the adaptive set to H={2,3,4}; jobs 1692/1693 showed late h=5 caused plateau or regression."
2026-05-02T13:18:38+00:00,launch,1702,quadruped_clean_plus2,quadruped-run,clean,dense_rhs_horizon_trust_region,15,dense_rhs_plus2_hcap4_start120_returnlite_300k_vec8_s15,2d92b5b3ade35c24411f616224690b3a37651973,ba3e529efe3dee37,/home/goncalo/git/horizonsearch/tdmpc2-jax-codex/outputs/quadruped-run_dense_rhs_clean_dense_rhs_plus2_hcap4_start120_returnlite_300k_vec8_s15,,,,,,,,launched,"RFC horizon-trust-region B: protect fixed h=3 learning until 120k, then use return-dominant deployment inside H={2,3,4} to test late h=4 exploitation without h=5 drift."
2026-05-02T13:19:44+00:00,launch,1703,quadruped_clean_plus2,quadruped-run,clean,dense_rhs_horizon_trust_region_ei,15,dense_rhs_plus2_hcap4_ei_start70_300k_vec8_s15,f270fabb301fef7ddfaea49ad354469941a6bf8d,3b85a131bd9ee553,/home/goncalo/git/horizonsearch/tdmpc2-jax-codex/outputs/quadruped-run_dense_rhs_clean_dense_rhs_plus2_hcap4_ei_start70_300k_vec8_s15,,,,,,,,launched,"RFC horizon-trust-region C: use the Bayesian expected-improvement transition rule inside H={2,3,4}, testing a less heuristic switch decision while removing the observed harmful h=5 option."
2026-05-02T13:54:18+00:00,cancelled,1703,quadruped_clean_plus2,quadruped-run,clean,dense_rhs_horizon_trust_region_ei,15,dense_rhs_plus2_hcap4_ei_start70_300k_vec8_s15,f270fabb301fef7ddfaea49ad354469941a6bf8d,3b85a131bd9ee553,/home/goncalo/git/horizonsearch/tdmpc2-jax-codex/outputs/quadruped-run_dense_rhs_clean_dense_rhs_plus2_hcap4_ei_start70_300k_vec8_s15,46.981651306152344,23.216461181640625,46.981651306152344,50000,00:34:28,2,4->4->4->4->4->4->4->4,failed,SLURM state `CANCELLED by 1002`.
2026-05-02T13:54:24+00:00,launch,1708,quadruped_clean_plus2,quadruped-run,clean,dense_rhs_deployment_utility_posterior,15,dense_rhs_plus2_hcap4_uplift_start70_300k_vec8_s15,dc405463def7967db11a6bba9f4cb1f74106a88c,ca930bc6f823a650,/home/goncalo/git/horizonsearch/tdmpc2-jax-codex/outputs/quadruped-run_dense_rhs_clean_dense_rhs_plus2_hcap4_uplift_start70_300k_vec8_s15,,,,,,,,launched,"RFC deployment-utility posterior: same H={2,3,4} trust-region as the least-promising active EI run, but deployment can be overridden by a Bayesian UCB estimate of eval-reward gain attributed to the horizon deployed between clean eval points."
2026-05-02T14:49:55+00:00,completed,1701,quadruped_clean_plus2,quadruped-run,clean,dense_rhs_horizon_trust_region,15,dense_rhs_plus2_hcap4_start70_margin04_300k_vec8_s15,0e5a6fb40ca77835444992a05d4efa14a866bab0,06ac33cb7c1ad131,/home/goncalo/git/horizonsearch/tdmpc2-jax-codex/outputs/quadruped-run_dense_rhs_clean_dense_rhs_plus2_hcap4_start70_margin04_300k_vec8_s15,896.6925048828125,20.500463485717773,896.6925048828125,300000,01:25:44,3->3->2->2->3,4->4->4->4->4->4->4->4->4->4->4->4->4->4->4->4->4->4->4->4->4->4->4->4->4->4->4->4->4->4->4->4->4->4->4,completed,Completed; no automatic classifier for this method.
2026-05-02T14:49:57+00:00,completed,1702,quadruped_clean_plus2,quadruped-run,clean,dense_rhs_horizon_trust_region,15,dense_rhs_plus2_hcap4_start120_returnlite_300k_vec8_s15,2d92b5b3ade35c24411f616224690b3a37651973,ba3e529efe3dee37,/home/goncalo/git/horizonsearch/tdmpc2-jax-codex/outputs/quadruped-run_dense_rhs_clean_dense_rhs_plus2_hcap4_start120_returnlite_300k_vec8_s15,898.8212890625,24.93979263305664,908.4658203125,200000,01:25:30,3->3->4->3,4->4->4->4->4->4->4->4->4->4->4->4->4->4->4->4->4->4->4->4->4->4->4->4->4->4->4->4->4->4->4->4->4->4,completed,Completed; no automatic classifier for this method.
2026-05-02T14:50:06+00:00,launch,1709,quadruped_clean_plus2,quadruped-run,clean,dense_rhs_h34_late_exploitation,15,dense_rhs_plus2_h34_start120_margin02_300k_vec8_s15,b82055108e8f2c98fffb753649aaf8a66b1f899f,b128a6ee7a9e2ea0,/home/goncalo/git/horizonsearch/tdmpc2-jax-codex/outputs/quadruped-run_dense_rhs_clean_dense_rhs_plus2_h34_start120_margin02_300k_vec8_s15,,,,,,,,launched,"Auto-generated after the H={2,3,4} family if needed. Tests a minimal adaptive set H={3,4}, preserving horizon choice while removing both downshift-to-2 and late h=5 drift."
2026-05-02T14:50:54+00:00,launch,1710,quadruped_clean_plus2,quadruped-run,clean,dense_rhs_h34_late_exploitation,15,dense_rhs_plus2_h34_start160_returndom_300k_vec8_s15,ad0f3879149b00c02aa82da2d1a441f9458e9d3b,eb6563f63912f83e,/home/goncalo/git/horizonsearch/tdmpc2-jax-codex/outputs/quadruped-run_dense_rhs_clean_dense_rhs_plus2_h34_start160_returndom_300k_vec8_s15,,,,,,,,launched,"Auto-generated after the H={2,3,4} family if needed. Gives the baseline h=3 learner longer to mature, then tests whether h=4 return evidence alone can improve late exploitation."
2026-05-02T15:45:54+00:00,completed,1708,quadruped_clean_plus2,quadruped-run,clean,dense_rhs_deployment_utility_posterior,15,dense_rhs_plus2_hcap4_uplift_start70_300k_vec8_s15,dc405463def7967db11a6bba9f4cb1f74106a88c,ca930bc6f823a650,/home/goncalo/git/horizonsearch/tdmpc2-jax-codex/outputs/quadruped-run_dense_rhs_clean_dense_rhs_plus2_hcap4_uplift_start70_300k_vec8_s15,863.4307861328125,28.056758880615234,863.4307861328125,300000,01:24:33,2->2->2->2->2,4->4->4->4->4->4->4->4->4->4->4->4->4->4->4->4->4->4->4->4->4->4->4->4->4->4->4->4->4->4->4->4->4->4->4,completed,Completed; no automatic classifier for this method.
2026-05-02T15:46:02+00:00,launch,1711,quadruped_clean_plus2,quadruped-run,clean,dense_rhs_h34_late_exploitation_ei,15,dense_rhs_plus2_h34_ei_start120_300k_vec8_s15,3c47d8f87090772e4f5b911a2f631eb59c687ff1,7ec2c7516c579767,/home/goncalo/git/horizonsearch/tdmpc2-jax-codex/outputs/quadruped-run_dense_rhs_clean_dense_rhs_plus2_h34_ei_start120_300k_vec8_s15,,,,,,,,launched,"Auto-generated after the H={2,3,4} family if needed. Tests the Bayesian expected-improvement switch rule in the smallest useful adaptive set H={3,4}."
2026-05-02T16:18:57+00:00,completed,1709,quadruped_clean_plus2,quadruped-run,clean,dense_rhs_h34_late_exploitation,15,dense_rhs_plus2_h34_start120_margin02_300k_vec8_s15,b82055108e8f2c98fffb753649aaf8a66b1f899f,b128a6ee7a9e2ea0,/home/goncalo/git/horizonsearch/tdmpc2-jax-codex/outputs/quadruped-run_dense_rhs_clean_dense_rhs_plus2_h34_start120_margin02_300k_vec8_s15,901.8836059570312,34.625823974609375,919.34619140625,250000,01:24:34,3->3->3->3,4->4->4->4->4->4->4->4->4->4->4->4->4->4->4->4->4->4->4->4->4->4->4->4->4->4->4->4->4->4->4->4->4->4,completed,Completed; no automatic classifier for this method.
2026-05-02T17:01:27+00:00,completed,1710,quadruped_clean_plus2,quadruped-run,clean,dense_rhs_h34_late_exploitation,15,dense_rhs_plus2_h34_start160_returndom_300k_vec8_s15,ad0f3879149b00c02aa82da2d1a441f9458e9d3b,eb6563f63912f83e,/home/goncalo/git/horizonsearch/tdmpc2-jax-codex/outputs/quadruped-run_dense_rhs_clean_dense_rhs_plus2_h34_start160_returndom_300k_vec8_s15,904.8642578125,23.15458106994629,904.8642578125,300000,01:24:12,4->4->4,4->4->4->4->4->4->4->4->4->4->4->4->4->4->4->4->4->4->4->4->4->4->4->4->4->4->4->4->4->4->4->4->4,completed,Completed; no automatic classifier for this method.
2026-05-02T17:35:14+00:00,launch,1712,quadruped_clean_plus2,quadruped-run,clean,dense_rhs_full_horizon_evidence,15,dense_rhs_plus2_fullh_all29_start70_300k_vec8_s15,eab976e7d7fb02b03625c534dbe47fc6bc1e95d7,3957bd5230fe292f,/home/goncalo/git/horizonsearch/tdmpc2-jax-codex/outputs/quadruped-run_dense_rhs_clean_dense_rhs_plus2_fullh_all29_start70_300k_vec8_s15,,,,,,,,launched,"RFC full-horizon evidence A: restore H={2..30}. Evaluate all horizons at every query with lower per-horizon eval budget so the algorithm, not a hard cap, can discover the horizon while retaining bucketed compilation only as an implementation detail."
2026-05-02T17:36:23+00:00,launch,1713,quadruped_clean_plus2,quadruped-run,clean,dense_rhs_full_horizon_ei,15,dense_rhs_plus2_fullh_ei_b9_start70_300k_vec8_s15,afe921af34b572441897f78656041b9fe0de0607,7d9d7944f313e9b8,/home/goncalo/git/horizonsearch/tdmpc2-jax-codex/outputs/quadruped-run_dense_rhs_clean_dense_rhs_plus2_fullh_ei_b9_start70_300k_vec8_s15,,,,,,,,launched,"RFC full-horizon evidence B: restore H={2..30} with global posterior candidate selection and Bayesian expected-improvement switching. Transition speed is smoothed, but no horizon values are removed."
2026-05-02T17:42:00+00:00,completed,1711,quadruped_clean_plus2,quadruped-run,clean,dense_rhs_h34_late_exploitation_ei,15,dense_rhs_plus2_h34_ei_start120_300k_vec8_s15,3c47d8f87090772e4f5b911a2f631eb59c687ff1,7ec2c7516c579767,/home/goncalo/git/horizonsearch/tdmpc2-jax-codex/outputs/quadruped-run_dense_rhs_clean_dense_rhs_plus2_h34_ei_start120_300k_vec8_s15,899.6385498046875,24.435571670532227,899.6385498046875,300000,01:23:55,3->3->3->3,4->4->4->4,completed_below_target,"Job was already terminal when cancellation was requested. It completed below the clean +2 target and is no longer active."
2026-05-02T17:42:30+00:00,launch,1715,quadruped_chaos,quadruped-run,chaos,no_rhs,15,no_rhs_chaos_parity_300k_vec8_s15_current,db08c574336a9ba0d23327ab159d749337873f92,9cb32186a5b2d761,/home/goncalo/git/horizonsearch/tdmpc2-jax-codex/outputs/quadruped-run_chaos_no_rhs_no_rhs_chaos_parity_300k_vec8_s15_current,,,,,,,,launched,"Manual baseline override: no-RHS current-MJX chaos training with clean evaluation. Keeps 1179 parity planner settings and disables Dense-RHS."
2026-05-02T19:18:56+00:00,completed,1712,quadruped_clean_plus2,quadruped-run,clean,dense_rhs_full_horizon_evidence,15,dense_rhs_plus2_fullh_all29_start70_300k_vec8_s15,eab976e7d7fb02b03625c534dbe47fc6bc1e95d7,3957bd5230fe292f,/home/goncalo/git/horizonsearch/tdmpc2-jax-codex/outputs/quadruped-run_dense_rhs_clean_dense_rhs_plus2_fullh_all29_start70_300k_vec8_s15,837.6513671875,28.396848678588867,837.6513671875,300000,01:39:11,4->3->5->5->7,4->4->4->4->4->4->4->4->4->4->4->4->4->4->4->4->4->4->4->8->8->8->8->8->8->8->8->8->8->8->8->8->8->8->8,completed,Completed; no automatic classifier for this method.
2026-05-02T19:29:38+00:00,completed,1713,quadruped_clean_plus2,quadruped-run,clean,dense_rhs_full_horizon_ei,15,dense_rhs_plus2_fullh_ei_b9_start70_300k_vec8_s15,afe921af34b572441897f78656041b9fe0de0607,7d9d7944f313e9b8,/home/goncalo/git/horizonsearch/tdmpc2-jax-codex/outputs/quadruped-run_dense_rhs_clean_dense_rhs_plus2_fullh_ei_b9_start70_300k_vec8_s15,879.5133056640625,28.175579071044922,879.5133056640625,300000,01:43:33,5->7->7->7->7,4->4->4->4->4->4->4->8->8->8->8->8->8->8->8->8->8->8->8->8->8->8->8->8->8->8->8->8->8->8->8->8->8->8->8,completed,Completed; no automatic classifier for this method.
2026-05-02T19:29:40+00:00,completed,1715,quadruped_chaos,quadruped-run,chaos,no_rhs,15,no_rhs_chaos_parity_300k_vec8_s15_current,db08c574336a9ba0d23327ab159d749337873f92,9cb32186a5b2d761,/home/goncalo/git/horizonsearch/tdmpc2-jax-codex/outputs/quadruped-run_chaos_no_rhs_no_rhs_chaos_parity_300k_vec8_s15_current,505.26690673828125,35.0055046081543,590.1742553710938,200000,01:30:18,,3->3->3->3->3->3->3->3->3->3->3->3->3->3->3->3->3->3->3->3->3->3->3->3->3->3->3->3->3->3,completed,Completed; no automatic classifier for this method.
2026-05-02T19:53:42+00:00,launch,1716,quadruped_clean_plus2,quadruped-run,clean,dense_rhs_full_horizon_deployment_utility,15,dense_rhs_plus2_fullh_du_start70_300k_vec8_s15,cb273cb517404c693495d91f5c7158eef36573b0,1a7f2617d211f74a,/home/goncalo/git/horizonsearch/tdmpc2-jax-codex/outputs/quadruped-run_dense_rhs_clean_dense_rhs_plus2_fullh_du_start70_300k_vec8_s15,,,,,,,,launched,"RFC full-horizon utility evidence A: keep H={2..30}, but deploy from a posterior over observed eval-return gains between queries so horizon changes are justified by downstream utility, not only immediate query return."
2026-05-02T19:54:11+00:00,launch,1717,quadruped_clean_plus2,quadruped-run,clean,dense_rhs_full_horizon_learner_proxy,15,dense_rhs_plus2_fullh_learnerproxy_start70_300k_vec8_s15,a493dfcba899ac841b4a8dd35f5301509184a1b0,c187503fab089fd2,/home/goncalo/git/horizonsearch/tdmpc2-jax-codex/outputs/quadruped-run_dense_rhs_clean_dense_rhs_plus2_fullh_learnerproxy_start70_300k_vec8_s15,,,,,,,,launched,"RFC full-horizon utility evidence B: keep H={2..30}, but add the dense learner-proxy term from prefix model losses so the search prefers horizons that are both high-return and update-compatible."
2026-05-02T19:54:46+00:00,launch,1718,quadruped_clean_plus2,quadruped-run,clean,dense_rhs_full_horizon_utility_learner_proxy,15,dense_rhs_plus2_fullh_du_learnerproxy_start70_300k_vec8_s15,ce912956a47a545832872d3989d3804feb520c37,8cbf31ea01206cb9,/home/goncalo/git/horizonsearch/tdmpc2-jax-codex/outputs/quadruped-run_dense_rhs_clean_dense_rhs_plus2_fullh_du_learnerproxy_start70_300k_vec8_s15,,,,,,,,launched,"RFC full-horizon utility evidence C: keep H={2..30} and combine posterior eval-gain deployment utility with a lighter learner-proxy term, testing whether downstream gain and update compatibility together stabilize full-horizon adaptation."
2026-05-03T09:56:30+00:00,completed,1716,quadruped_clean_plus2,quadruped-run,clean,dense_rhs_full_horizon_deployment_utility,15,dense_rhs_plus2_fullh_du_start70_300k_vec8_s15,cb273cb517404c693495d91f5c7158eef36573b0,1a7f2617d211f74a,/home/goncalo/git/horizonsearch/tdmpc2-jax-codex/outputs/quadruped-run_dense_rhs_clean_dense_rhs_plus2_fullh_du_start70_300k_vec8_s15,826.55810546875,19.581214904785156,826.55810546875,300000,01:27:59,2->2->2->2->2,4->4->4->4->4->4->4->4->4->4->4->4->4->4->4->4->4->4->4->4->4->4->4->4->4->4->4->4->4->4->4->4->4->4->4,completed,Completed; no automatic classifier for this method.
2026-05-03T09:56:31+00:00,completed,1717,quadruped_clean_plus2,quadruped-run,clean,dense_rhs_full_horizon_learner_proxy,15,dense_rhs_plus2_fullh_learnerproxy_start70_300k_vec8_s15,a493dfcba899ac841b4a8dd35f5301509184a1b0,c187503fab089fd2,/home/goncalo/git/horizonsearch/tdmpc2-jax-codex/outputs/quadruped-run_dense_rhs_clean_dense_rhs_plus2_fullh_learnerproxy_start70_300k_vec8_s15,912.6260986328125,29.712343215942383,912.6260986328125,300000,01:49:03,3->5->7->7->9,4->4->4->4->4->4->4->4->4->4->4->4->4->8->8->8->8->8->8->8->8->8->8->8->8->8->8->8->8->8->8->12->12->12->12,completed,Completed; no automatic classifier for this method.
2026-05-03T09:56:33+00:00,completed,1718,quadruped_clean_plus2,quadruped-run,clean,dense_rhs_full_horizon_utility_learner_proxy,15,dense_rhs_plus2_fullh_du_learnerproxy_start70_300k_vec8_s15,ce912956a47a545832872d3989d3804feb520c37,8cbf31ea01206cb9,/home/goncalo/git/horizonsearch/tdmpc2-jax-codex/outputs/quadruped-run_dense_rhs_clean_dense_rhs_plus2_fullh_du_learnerproxy_start70_300k_vec8_s15,834.3712768554688,20.812170028686523,834.3712768554688,300000,01:27:42,3->4->4->4->4,4->4->4->4->4->4->4->4->4->4->4->4->4->4->4->4->4->4->4->4->4->4->4->4->4->4->4->4->4->4->4->4->4->4->4,completed,Completed; no automatic classifier for this method.
2026-05-04T12:48:12+00:00,launch,1810,quadruped_chaos_table,quadruped-run,chaos,dense_rhs_sparse_hifi,15,dense_rhs_winner_chaos_300k_vec8_s15,063af3662033a9f5947d74404d7d1c91604ea754,274be167ca967819,/home/goncalo/git/horizonsearch/tdmpc2-jax-codex/outputs/quadruped-run_dense_rhs_chaos_dense_rhs_winner_chaos_300k_vec8_s15,,,,,,,,launched,Table-driven missing cell: run selected Sparse-HiFi Dense-RHS winner architecture under chaos training with clean evaluation for quadruped-run. This is not architecture search.
2026-05-04T14:44:40+00:00,completed,1810,quadruped_chaos_table,quadruped-run,chaos,dense_rhs_sparse_hifi,15,dense_rhs_winner_chaos_300k_vec8_s15,063af3662033a9f5947d74404d7d1c91604ea754,274be167ca967819,/home/goncalo/git/horizonsearch/tdmpc2-jax-codex/outputs/quadruped-run_dense_rhs_chaos_dense_rhs_winner_chaos_300k_vec8_s15,614.44970703125,44.561885833740234,614.44970703125,300000,01:48:24,3->2->2->2->3,4->4->4->4->4->4->4->4->4->4->4->4->4->4->4->4->4->4->4->4->4->4->4->4->4->4->4->4->4->4->4->4->4->4->4,completed,Completed; no automatic classifier for this method.
2026-05-08T14:46:18+00:00,launch,1959,multienv_clean_no_rhs,fish-swim,clean,no_rhs,15,fish_swim_clean_no_rhs_300k_vec8_s15,c16e1d23e93d242d9358de79d3ad486777548fd5,64557d1a0512fff7,/home/goncalo/git/horizonsearch/tdmpc2-jax-codex/outputs/fish-swim_clean_no_rhs_fish_swim_clean_no_rhs_300k_vec8_s15,,,,,,,,launched,Table-driven clean no-RHS MJX baseline. No architecture search.
2026-05-08T14:47:20+00:00,launch,1960,multienv_clean_no_rhs,finger-turn_hard,clean,no_rhs,15,finger_turn_hard_clean_no_rhs_300k_vec8_s15,b6c5c8a010dd4ddf95942627f8ff53b58be936a5,f388d08a5c0b7c09,/home/goncalo/git/horizonsearch/tdmpc2-jax-codex/outputs/finger-turn_hard_clean_no_rhs_finger_turn_hard_clean_no_rhs_300k_vec8_s15,,,,,,,,launched,Table-driven clean no-RHS MJX baseline. No architecture search.
2026-05-08T15:40:33+00:00,completed,1959,multienv_clean_no_rhs,fish-swim,clean,no_rhs,15,fish_swim_clean_no_rhs_300k_vec8_s15,c16e1d23e93d242d9358de79d3ad486777548fd5,64557d1a0512fff7,/home/goncalo/git/horizonsearch/tdmpc2-jax-codex/outputs/fish-swim_clean_no_rhs_fish_swim_clean_no_rhs_300k_vec8_s15,505.16326904296875,284.06915283203125,596.1466064453125,250000,00:53:38,,3->3->3->3->3->3->3->3->3->3->3->3->3->3->3->3->3->3->3->3->3->3->3->3->3->3->3->3->3->3,completed,Completed; no automatic classifier for this method.
2026-05-08T15:40:58+00:00,launch,1962,multienv_clean_no_rhs,cheetah-run,clean,no_rhs,15,cheetah_run_clean_no_rhs_300k_vec8_s15,9ffa7886c622235d75dc7f7adffaeb035e712c4e,40c29969d0a58f15,/home/goncalo/git/horizonsearch/tdmpc2-jax-codex/outputs/cheetah-run_clean_no_rhs_cheetah_run_clean_no_rhs_300k_vec8_s15,,,,,,,,launched,Table-driven clean no-RHS MJX baseline. No architecture search.
2026-05-08T15:44:32+00:00,completed,1960,multienv_clean_no_rhs,finger-turn_hard,clean,no_rhs,15,finger_turn_hard_clean_no_rhs_300k_vec8_s15,b6c5c8a010dd4ddf95942627f8ff53b58be936a5,f388d08a5c0b7c09,/home/goncalo/git/horizonsearch/tdmpc2-jax-codex/outputs/finger-turn_hard_clean_no_rhs_finger_turn_hard_clean_no_rhs_300k_vec8_s15,980.5499877929688,13.987404823303223,980.5499877929688,300000,00:56:55,,3->3->3->3->3->3->3->3->3->3->3->3->3->3->3->3->3->3->3->3->3->3->3->3->3->3->3->3->3->3,completed,Completed; no automatic classifier for this method.
2026-05-08T15:44:52+00:00,launch,1963,multienv_clean_no_rhs,cartpole-swingup,clean,no_rhs,15,cartpole_swingup_clean_no_rhs_300k_vec8_s15,833083307a9c417b112b7267efb4178f1183053c,b7c2456c570c3b06,/home/goncalo/git/horizonsearch/tdmpc2-jax-codex/outputs/cartpole-swingup_clean_no_rhs_cartpole_swingup_clean_no_rhs_300k_vec8_s15,,,,,,,,launched,Table-driven clean no-RHS MJX baseline. No architecture search.
2026-05-08T16:04:30+00:00,launch,1964,multienv_clean_no_rhs,acrobot-swingup,clean,no_rhs,15,acrobot_swingup_clean_no_rhs_300k_vec8_s15,22dcf6592c633915ec004a2a26fedaf28567cf22,d896567d1d73c036,/home/goncalo/git/horizonsearch/tdmpc2-jax-codex/outputs/acrobot-swingup_clean_no_rhs_acrobot_swingup_clean_no_rhs_300k_vec8_s15,,,,,,,,launched,Table-driven clean no-RHS MJX baseline. No architecture search.
2026-05-08T16:37:34+00:00,completed,1963,multienv_clean_no_rhs,cartpole-swingup,clean,no_rhs,15,cartpole_swingup_clean_no_rhs_300k_vec8_s15,833083307a9c417b112b7267efb4178f1183053c,b7c2456c570c3b06,/home/goncalo/git/horizonsearch/tdmpc2-jax-codex/outputs/cartpole-swingup_clean_no_rhs_cartpole_swingup_clean_no_rhs_300k_vec8_s15,866.7747192382812,0.26454320549964905,867.5153198242188,200000,00:52:26,,3->3->3->3->3->3->3->3->3->3->3->3->3->3->3->3->3->3->3->3->3->3->3->3->3->3->3->3->3->3,completed,Completed; no automatic classifier for this method.
2026-05-08T16:37:43+00:00,launch,1966,multienv_clean_no_rhs,walker-run,clean,no_rhs,15,walker_run_clean_no_rhs_300k_vec8_s15,22e46d44f5e413119796f9edaf10501fbe1ad6a3,bfa134bb0f8a8d11,/home/goncalo/git/horizonsearch/tdmpc2-jax-codex/outputs/walker-run_clean_no_rhs_walker_run_clean_no_rhs_300k_vec8_s15,,,,,,,,launched,Table-driven clean no-RHS MJX baseline. No architecture search.
2026-05-08T16:38:19+00:00,completed,1962,multienv_clean_no_rhs,cheetah-run,clean,no_rhs,15,cheetah_run_clean_no_rhs_300k_vec8_s15,9ffa7886c622235d75dc7f7adffaeb035e712c4e,40c29969d0a58f15,/home/goncalo/git/horizonsearch/tdmpc2-jax-codex/outputs/cheetah-run_clean_no_rhs_cheetah_run_clean_no_rhs_300k_vec8_s15,845.8548583984375,116.47073364257812,871.3776245117188,150000,00:56:55,,3->3->3->3->3->3->3->3->3->3->3->3->3->3->3->3->3->3->3->3->3->3->3->3->3->3->3->3->3->3,completed,Completed; no automatic classifier for this method.
2026-05-08T16:57:01+00:00,completed,1964,multienv_clean_no_rhs,acrobot-swingup,clean,no_rhs,15,acrobot_swingup_clean_no_rhs_300k_vec8_s15,22dcf6592c633915ec004a2a26fedaf28567cf22,d896567d1d73c036,/home/goncalo/git/horizonsearch/tdmpc2-jax-codex/outputs/acrobot-swingup_clean_no_rhs_acrobot_swingup_clean_no_rhs_300k_vec8_s15,539.5477294921875,162.24920654296875,539.5477294921875,300000,00:50:35,,3->3->3->3->3->3->3->3->3->3->3->3->3->3->3->3->3->3->3->3->3->3->3->3->3->3->3->3->3->3,completed,Completed; no automatic classifier for this method.
2026-05-08T16:57:20+00:00,launch,1967,multienv_clean_no_rhs,hopper-hop,clean,no_rhs,15,hopper_hop_clean_no_rhs_300k_vec8_s15,f91616c5b96f1ac6e2de6bc577150b748623c504,ef5ce62dec6589d8,/home/goncalo/git/horizonsearch/tdmpc2-jax-codex/outputs/hopper-hop_clean_no_rhs_hopper_hop_clean_no_rhs_300k_vec8_s15,,,,,,,,launched,Table-driven clean no-RHS MJX baseline. No architecture search.
2026-05-08T18:05:38+00:00,completed,1966,multienv_clean_no_rhs,walker-run,clean,no_rhs,15,walker_run_clean_no_rhs_300k_vec8_s15,22e46d44f5e413119796f9edaf10501fbe1ad6a3,bfa134bb0f8a8d11,/home/goncalo/git/horizonsearch/tdmpc2-jax-codex/outputs/walker-run_clean_no_rhs_walker_run_clean_no_rhs_300k_vec8_s15,839.2001953125,10.541329383850098,839.2001953125,300000,01:26:04,,3->3->3->3->3->3->3->3->3->3->3->3->3->3->3->3->3->3->3->3->3->3->3->3->3->3->3->3->3->3,completed,Completed; no automatic classifier for this method.
2026-05-08T18:05:39+00:00,completed,1967,multienv_clean_no_rhs,hopper-hop,clean,no_rhs,15,hopper_hop_clean_no_rhs_300k_vec8_s15,f91616c5b96f1ac6e2de6bc577150b748623c504,ef5ce62dec6589d8,/home/goncalo/git/horizonsearch/tdmpc2-jax-codex/outputs/hopper-hop_clean_no_rhs_hopper_hop_clean_no_rhs_300k_vec8_s15,287.27569580078125,14.467547416687012,287.27569580078125,300000,01:06:43,,3->3->3->3->3->3->3->3->3->3->3->3->3->3->3->3->3->3->3->3->3->3->3->3->3->3->3->3->3->3,completed,Completed; no automatic classifier for this method.
2026-05-08T18:05:59+00:00,launch,1968,multienv_clean_dense_rhs,fish-swim,clean,dense_rhs_sparse_hifi,15,fish_swim_clean_dense_rhs_sparse_hifi_300k_vec8_s15,655887987682e5dab55db6b9a021e4f7c3ae6403,4db38f37c3640bd5,/home/goncalo/git/horizonsearch/tdmpc2-jax-codex/outputs/fish-swim_dense_rhs_clean_fish_swim_clean_dense_rhs_sparse_hifi_300k_vec8_s15,,,,,,,,launched,Table-driven selected Sparse-HiFi Dense-RHS winner on clean MJX training/eval.
2026-05-08T18:06:00+00:00,launch,1969,multienv_clean_dense_rhs,finger-turn_hard,clean,dense_rhs_sparse_hifi,15,finger_turn_hard_clean_dense_rhs_sparse_hifi_300k_vec8_s15,655887987682e5dab55db6b9a021e4f7c3ae6403,48ce664fcc9c3ddc,/home/goncalo/git/horizonsearch/tdmpc2-jax-codex/outputs/finger-turn_hard_dense_rhs_clean_finger_turn_hard_clean_dense_rhs_sparse_hifi_300k_vec8_s15,,,,,,,,launched,Table-driven selected Sparse-HiFi Dense-RHS winner on clean MJX training/eval.
2026-05-08T18:11:54+00:00,launch,1970,multienv_clean_dense_rhs,cheetah-run,clean,dense_rhs_sparse_hifi,15,cheetah_run_clean_dense_rhs_sparse_hifi_300k_vec8_s15,c178e54de98d62da00f57632ab04a523771d1365,52b94d26bfb12050,/home/goncalo/git/horizonsearch/tdmpc2-jax-codex/outputs/cheetah-run_dense_rhs_clean_cheetah_run_clean_dense_rhs_sparse_hifi_300k_vec8_s15,,,,,,,,launched,Table-driven selected Sparse-HiFi Dense-RHS winner on clean MJX training/eval.
2026-05-08T19:10:05+00:00,completed,1968,multienv_clean_dense_rhs,fish-swim,clean,dense_rhs_sparse_hifi,15,fish_swim_clean_dense_rhs_sparse_hifi_300k_vec8_s15,655887987682e5dab55db6b9a021e4f7c3ae6403,4db38f37c3640bd5,/home/goncalo/git/horizonsearch/tdmpc2-jax-codex/outputs/fish-swim_dense_rhs_clean_fish_swim_clean_dense_rhs_sparse_hifi_300k_vec8_s15,596.9766845703125,232.79652404785156,708.2169189453125,250000,01:03:36,3->3->3->3->3,4->4->4->4->4->4->4->4->4->4->4->4->4->4->4->4->4->4->4->4->4->4->4->4->4->4->4->4->4->4->4->4->4->4->4,completed,Completed; no automatic classifier for this method.
2026-05-08T19:10:25+00:00,launch,1971,multienv_clean_dense_rhs,cartpole-swingup,clean,dense_rhs_sparse_hifi,15,cartpole_swingup_clean_dense_rhs_sparse_hifi_300k_vec8_s15,f95d711970090c39b44ccbea647769e08648a4c1,23206ffa6d271d12,/home/goncalo/git/horizonsearch/tdmpc2-jax-codex/outputs/cartpole-swingup_dense_rhs_clean_cartpole_swingup_clean_dense_rhs_sparse_hifi_300k_vec8_s15,,,,,,,,launched,Table-driven selected Sparse-HiFi Dense-RHS winner on clean MJX training/eval.
2026-05-08T19:18:07+00:00,completed,1969,multienv_clean_dense_rhs,finger-turn_hard,clean,dense_rhs_sparse_hifi,15,finger_turn_hard_clean_dense_rhs_sparse_hifi_300k_vec8_s15,655887987682e5dab55db6b9a021e4f7c3ae6403,48ce664fcc9c3ddc,/home/goncalo/git/horizonsearch/tdmpc2-jax-codex/outputs/finger-turn_hard_dense_rhs_clean_finger_turn_hard_clean_dense_rhs_sparse_hifi_300k_vec8_s15,927.25,102.99022674560547,963.8499755859375,200000,01:11:50,3->3->4->4->5,4->4->4->4->4->4->4->4->4->4->4->4->4->4->4->4->4->4->4->4->4->4->4->4->4->4->4->4->4->4->4->8->8->8->8,completed,Completed; no automatic classifier for this method.
2026-05-08T19:18:28+00:00,launch,1972,multienv_clean_dense_rhs,acrobot-swingup,clean,dense_rhs_sparse_hifi,15,acrobot_swingup_clean_dense_rhs_sparse_hifi_300k_vec8_s15,14904f72a41685c4fe24d94959a6f3764ced60a5,16c4807c8942c224,/home/goncalo/git/horizonsearch/tdmpc2-jax-codex/outputs/acrobot-swingup_dense_rhs_clean_acrobot_swingup_clean_dense_rhs_sparse_hifi_300k_vec8_s15,,,,,,,,launched,Table-driven selected Sparse-HiFi Dense-RHS winner on clean MJX training/eval.
2026-05-08T19:32:30+00:00,completed,1970,multienv_clean_dense_rhs,cheetah-run,clean,dense_rhs_sparse_hifi,15,cheetah_run_clean_dense_rhs_sparse_hifi_300k_vec8_s15,c178e54de98d62da00f57632ab04a523771d1365,52b94d26bfb12050,/home/goncalo/git/horizonsearch/tdmpc2-jax-codex/outputs/cheetah-run_dense_rhs_clean_cheetah_run_clean_dense_rhs_sparse_hifi_300k_vec8_s15,933.12890625,37.509788513183594,933.12890625,300000,01:19:14,4->5->6->6->6,4->4->4->4->4->4->4->4->4->4->4->4->4->8->8->8->8->8->8->8->8->8->8->8->8->8->8->8->8->8->8->8->8->8->8,completed,Completed; no automatic classifier for this method.
2026-05-08T19:32:50+00:00,launch,1973,multienv_clean_dense_rhs,walker-run,clean,dense_rhs_sparse_hifi,15,walker_run_clean_dense_rhs_sparse_hifi_300k_vec8_s15,1880a6a95486dd9005a420ac24c44946602723ef,22172d8f0912831a,/home/goncalo/git/horizonsearch/tdmpc2-jax-codex/outputs/walker-run_dense_rhs_clean_walker_run_clean_dense_rhs_sparse_hifi_300k_vec8_s15,,,,,,,,launched,Table-driven selected Sparse-HiFi Dense-RHS winner on clean MJX training/eval.
2026-05-08T20:18:50+00:00,completed,1972,multienv_clean_dense_rhs,acrobot-swingup,clean,dense_rhs_sparse_hifi,15,acrobot_swingup_clean_dense_rhs_sparse_hifi_300k_vec8_s15,14904f72a41685c4fe24d94959a6f3764ced60a5,16c4807c8942c224,/home/goncalo/git/horizonsearch/tdmpc2-jax-codex/outputs/acrobot-swingup_dense_rhs_clean_acrobot_swingup_clean_dense_rhs_sparse_hifi_300k_vec8_s15,362.320556640625,108.22805786132812,575.4118041992188,200000,00:59:31,3->3->3->3->3,4->4->4->4->4->4->4->4->4->4->4->4->4->4->4->4->4->4->4->4->4->4->4->4->4->4->4->4->4->4->4->4->4->4->4,completed,Completed; no automatic classifier for this method.
2026-05-08T20:19:10+00:00,launch,1974,multienv_clean_dense_rhs,hopper-hop,clean,dense_rhs_sparse_hifi,15,hopper_hop_clean_dense_rhs_sparse_hifi_300k_vec8_s15,ae8b69bc7a1429b7840193c7c537ed4851a4afc2,18f9807ca278d3c9,/home/goncalo/git/horizonsearch/tdmpc2-jax-codex/outputs/hopper-hop_dense_rhs_clean_hopper_hop_clean_dense_rhs_sparse_hifi_300k_vec8_s15,,,,,,,,launched,Table-driven selected Sparse-HiFi Dense-RHS winner on clean MJX training/eval.
2026-05-08T20:21:27+00:00,completed,1971,multienv_clean_dense_rhs,cartpole-swingup,clean,dense_rhs_sparse_hifi,15,cartpole_swingup_clean_dense_rhs_sparse_hifi_300k_vec8_s15,f95d711970090c39b44ccbea647769e08648a4c1,23206ffa6d271d12,/home/goncalo/git/horizonsearch/tdmpc2-jax-codex/outputs/cartpole-swingup_dense_rhs_clean_cartpole_swingup_clean_dense_rhs_sparse_hifi_300k_vec8_s15,882.39404296875,0.22589746117591858,882.39404296875,300000,01:10:34,4->4->5->4->3,4->4->4->4->4->4->4->4->4->4->4->4->4->4->4->4->4->4->4->8->8->8->8->8->8->4->4->4->4->4->4->4->4->4->4,completed,Completed; no automatic classifier for this method.
2026-05-09T08:50:01+00:00,completed,1973,multienv_clean_dense_rhs,walker-run,clean,dense_rhs_sparse_hifi,15,walker_run_clean_dense_rhs_sparse_hifi_300k_vec8_s15,1880a6a95486dd9005a420ac24c44946602723ef,22172d8f0912831a,/home/goncalo/git/horizonsearch/tdmpc2-jax-codex/outputs/walker-run_dense_rhs_clean_walker_run_clean_dense_rhs_sparse_hifi_300k_vec8_s15,835.9410400390625,9.586824417114258,835.9410400390625,300000,01:38:25,4->3->3->4->4,4->4->4->4->4->4->4->4->4->4->4->4->4->4->4->4->4->4->4->4->4->4->4->4->4->4->4->4->4->4->4->4->4->4->4,completed,Completed; no automatic classifier for this method.
2026-05-09T08:50:03+00:00,completed,1974,multienv_clean_dense_rhs,hopper-hop,clean,dense_rhs_sparse_hifi,15,hopper_hop_clean_dense_rhs_sparse_hifi_300k_vec8_s15,ae8b69bc7a1429b7840193c7c537ed4851a4afc2,18f9807ca278d3c9,/home/goncalo/git/horizonsearch/tdmpc2-jax-codex/outputs/hopper-hop_dense_rhs_clean_hopper_hop_clean_dense_rhs_sparse_hifi_300k_vec8_s15,350.6131896972656,12.311149597167969,351.2184143066406,250000,01:16:29,2->2->3->2->3,4->4->4->4->4->4->4->4->4->4->4->4->4->4->4->4->4->4->4->4->4->4->4->4->4->4->4->4->4->4->4->4->4->4->4,completed,Completed; no automatic classifier for this method.
2026-05-09T08:50:31+00:00,launch,1975,multienv_chaos_no_rhs,fish-swim,chaos,no_rhs,15,fish_swim_chaos_no_rhs_300k_vec8_s15,27c65cd52dd8f1fcc54114a5330b71cbbcf3951f,b94ba1e78e326459,/home/goncalo/git/horizonsearch/tdmpc2-jax-codex/outputs/fish-swim_chaos_no_rhs_fish_swim_chaos_no_rhs_300k_vec8_s15,,,,,,,,launched,Table-driven no-RHS chaos MJX training with clean evaluation.
2026-05-09T08:50:33+00:00,launch,1976,multienv_chaos_no_rhs,finger-turn_hard,chaos,no_rhs,15,finger_turn_hard_chaos_no_rhs_300k_vec8_s15,27c65cd52dd8f1fcc54114a5330b71cbbcf3951f,944a13a79dd00125,/home/goncalo/git/horizonsearch/tdmpc2-jax-codex/outputs/finger-turn_hard_chaos_no_rhs_finger_turn_hard_chaos_no_rhs_300k_vec8_s15,,,,,,,,launched,Table-driven no-RHS chaos MJX training with clean evaluation.
2026-05-09T08:50:34+00:00,launch,1977,multienv_chaos_no_rhs,cheetah-run,chaos,no_rhs,15,cheetah_run_chaos_no_rhs_300k_vec8_s15,27c65cd52dd8f1fcc54114a5330b71cbbcf3951f,1902ba4a50aa0545,/home/goncalo/git/horizonsearch/tdmpc2-jax-codex/outputs/cheetah-run_chaos_no_rhs_cheetah_run_chaos_no_rhs_300k_vec8_s15,,,,,,,,launched,Table-driven no-RHS chaos MJX training with clean evaluation.
2026-05-09T10:03:15+00:00,completed,1975,multienv_chaos_no_rhs,fish-swim,chaos,no_rhs,15,fish_swim_chaos_no_rhs_300k_vec8_s15,27c65cd52dd8f1fcc54114a5330b71cbbcf3951f,b94ba1e78e326459,/home/goncalo/git/horizonsearch/tdmpc2-jax-codex/outputs/fish-swim_chaos_no_rhs_fish_swim_chaos_no_rhs_300k_vec8_s15,73.97637939453125,35.65225601196289,82.80696105957031,50000,01:10:46,,3->3->3->3->3->3->3->3->3->3->3->3->3->3->3->3->3->3->3->3->3->3->3->3->3->3->3->3->3->3,completed,Completed; no automatic classifier for this method.
2026-05-09T10:03:38+00:00,launch,1978,multienv_chaos_no_rhs,cartpole-swingup,chaos,no_rhs,15,cartpole_swingup_chaos_no_rhs_300k_vec8_s15,13ec6cb4e321cc0fa8f438f88044964230029246,ec7975d179504a3d,/home/goncalo/git/horizonsearch/tdmpc2-jax-codex/outputs/cartpole-swingup_chaos_no_rhs_cartpole_swingup_chaos_no_rhs_300k_vec8_s15,,,,,,,,launched,Table-driven no-RHS chaos MJX training with clean evaluation.
2026-05-09T10:04:31+00:00,completed,1976,multienv_chaos_no_rhs,finger-turn_hard,chaos,no_rhs,15,finger_turn_hard_chaos_no_rhs_300k_vec8_s15,27c65cd52dd8f1fcc54114a5330b71cbbcf3951f,944a13a79dd00125,/home/goncalo/git/horizonsearch/tdmpc2-jax-codex/outputs/finger-turn_hard_chaos_no_rhs_finger_turn_hard_chaos_no_rhs_300k_vec8_s15,713.4000244140625,403.3861083984375,713.4000244140625,300000,01:13:09,,3->3->3->3->3->3->3->3->3->3->3->3->3->3->3->3->3->3->3->3->3->3->3->3->3->3->3->3->3->3,completed,Completed; no automatic classifier for this method.
2026-05-09T10:04:33+00:00,completed,1977,multienv_chaos_no_rhs,cheetah-run,chaos,no_rhs,15,cheetah_run_chaos_no_rhs_300k_vec8_s15,27c65cd52dd8f1fcc54114a5330b71cbbcf3951f,1902ba4a50aa0545,/home/goncalo/git/horizonsearch/tdmpc2-jax-codex/outputs/cheetah-run_chaos_no_rhs_cheetah_run_chaos_no_rhs_300k_vec8_s15,457.7344665527344,76.45452117919922,457.7344665527344,300000,01:13:47,,3->3->3->3->3->3->3->3->3->3->3->3->3->3->3->3->3->3->3->3->3->3->3->3->3->3->3->3->3->3,completed,Completed; no automatic classifier for this method.
2026-05-09T10:04:58+00:00,launch,1979,multienv_chaos_no_rhs,acrobot-swingup,chaos,no_rhs,15,acrobot_swingup_chaos_no_rhs_300k_vec8_s15,134d998df94df2f25b5b176ce27fd8800c12c803,2473012a3f7ba89f,/home/goncalo/git/horizonsearch/tdmpc2-jax-codex/outputs/acrobot-swingup_chaos_no_rhs_acrobot_swingup_chaos_no_rhs_300k_vec8_s15,,,,,,,,launched,Table-driven no-RHS chaos MJX training with clean evaluation.
2026-05-09T10:04:59+00:00,launch,1980,multienv_chaos_no_rhs,walker-run,chaos,no_rhs,15,walker_run_chaos_no_rhs_300k_vec8_s15,134d998df94df2f25b5b176ce27fd8800c12c803,cdeca5ecfa90ccff,/home/goncalo/git/horizonsearch/tdmpc2-jax-codex/outputs/walker-run_chaos_no_rhs_walker_run_chaos_no_rhs_300k_vec8_s15,,,,,,,,launched,Table-driven no-RHS chaos MJX training with clean evaluation.
2026-05-09T11:14:08+00:00,completed,1978,multienv_chaos_no_rhs,cartpole-swingup,chaos,no_rhs,15,cartpole_swingup_chaos_no_rhs_300k_vec8_s15,13ec6cb4e321cc0fa8f438f88044964230029246,ec7975d179504a3d,/home/goncalo/git/horizonsearch/tdmpc2-jax-codex/outputs/cartpole-swingup_chaos_no_rhs_cartpole_swingup_chaos_no_rhs_300k_vec8_s15,855.3677978515625,2.8434972763061523,855.3677978515625,300000,01:10:06,,3->3->3->3->3->3->3->3->3->3->3->3->3->3->3->3->3->3->3->3->3->3->3->3->3->3->3->3->3->3,completed,Completed; no automatic classifier for this method.
2026-05-09T11:14:09+00:00,completed,1979,multienv_chaos_no_rhs,acrobot-swingup,chaos,no_rhs,15,acrobot_swingup_chaos_no_rhs_300k_vec8_s15,134d998df94df2f25b5b176ce27fd8800c12c803,2473012a3f7ba89f,/home/goncalo/git/horizonsearch/tdmpc2-jax-codex/outputs/acrobot-swingup_chaos_no_rhs_acrobot_swingup_chaos_no_rhs_300k_vec8_s15,292.6933288574219,96.26347351074219,329.11444091796875,250000,01:08:01,,3->3->3->3->3->3->3->3->3->3->3->3->3->3->3->3->3->3->3->3->3->3->3->3->3->3->3->3->3->3,completed,Completed; no automatic classifier for this method.
2026-05-09T11:14:33+00:00,launch,1981,multienv_chaos_no_rhs,hopper-hop,chaos,no_rhs,15,hopper_hop_chaos_no_rhs_300k_vec8_s15,246399970cc3a3a47e7ec468b8dfa21e3cdd1832,52005ecc7776c8e8,/home/goncalo/git/horizonsearch/tdmpc2-jax-codex/outputs/hopper-hop_chaos_no_rhs_hopper_hop_chaos_no_rhs_300k_vec8_s15,,,,,,,,launched,Table-driven no-RHS chaos MJX training with clean evaluation.
2026-05-09T17:51:44+00:00,completed,1980,multienv_chaos_no_rhs,walker-run,chaos,no_rhs,15,walker_run_chaos_no_rhs_300k_vec8_s15,134d998df94df2f25b5b176ce27fd8800c12c803,cdeca5ecfa90ccff,/home/goncalo/git/horizonsearch/tdmpc2-jax-codex/outputs/walker-run_chaos_no_rhs_walker_run_chaos_no_rhs_300k_vec8_s15,591.030029296875,30.23134994506836,591.030029296875,300000,01:43:12,,3->3->3->3->3->3->3->3->3->3->3->3->3->3->3->3->3->3->3->3->3->3->3->3->3->3->3->3->3->3,completed,Completed; no automatic classifier for this method.
2026-05-09T17:51:48+00:00,completed,1981,multienv_chaos_no_rhs,hopper-hop,chaos,no_rhs,15,hopper_hop_chaos_no_rhs_300k_vec8_s15,246399970cc3a3a47e7ec468b8dfa21e3cdd1832,52005ecc7776c8e8,/home/goncalo/git/horizonsearch/tdmpc2-jax-codex/outputs/hopper-hop_chaos_no_rhs_hopper_hop_chaos_no_rhs_300k_vec8_s15,198.45770263671875,7.539370059967041,198.45770263671875,300000,01:19:11,,3->3->3->3->3->3->3->3->3->3->3->3->3->3->3->3->3->3->3->3->3->3->3->3->3->3->3->3->3->3,completed,Completed; no automatic classifier for this method.
2026-05-09T17:52:20+00:00,launch,1982,multienv_chaos_dense_rhs,fish-swim,chaos,dense_rhs_sparse_hifi,15,fish_swim_chaos_dense_rhs_sparse_hifi_300k_vec8_s15,c63eb16385c77bb756f39ea99d6f3f5f47ac3d32,28708f349eeda51a,/home/goncalo/git/horizonsearch/tdmpc2-jax-codex/outputs/fish-swim_dense_rhs_chaos_fish_swim_chaos_dense_rhs_sparse_hifi_300k_vec8_s15,,,,,,,,launched,Table-driven selected Sparse-HiFi Dense-RHS winner under chaos MJX training with clean evaluation.
2026-05-09T17:52:23+00:00,launch,1983,multienv_chaos_dense_rhs,finger-turn_hard,chaos,dense_rhs_sparse_hifi,15,finger_turn_hard_chaos_dense_rhs_sparse_hifi_300k_vec8_s15,c63eb16385c77bb756f39ea99d6f3f5f47ac3d32,3e0ffcf1fa5afe33,/home/goncalo/git/horizonsearch/tdmpc2-jax-codex/outputs/finger-turn_hard_dense_rhs_chaos_finger_turn_hard_chaos_dense_rhs_sparse_hifi_300k_vec8_s15,,,,,,,,launched,Table-driven selected Sparse-HiFi Dense-RHS winner under chaos MJX training with clean evaluation.
2026-05-09T17:52:27+00:00,launch,1984,multienv_chaos_dense_rhs,cheetah-run,chaos,dense_rhs_sparse_hifi,15,cheetah_run_chaos_dense_rhs_sparse_hifi_300k_vec8_s15,c63eb16385c77bb756f39ea99d6f3f5f47ac3d32,f482c2bca4ebc567,/home/goncalo/git/horizonsearch/tdmpc2-jax-codex/outputs/cheetah-run_dense_rhs_chaos_cheetah_run_chaos_dense_rhs_sparse_hifi_300k_vec8_s15,,,,,,,,launched,Table-driven selected Sparse-HiFi Dense-RHS winner under chaos MJX training with clean evaluation.
2026-05-09T19:11:57+00:00,completed,1982,multienv_chaos_dense_rhs,fish-swim,chaos,dense_rhs_sparse_hifi,15,fish_swim_chaos_dense_rhs_sparse_hifi_300k_vec8_s15,c63eb16385c77bb756f39ea99d6f3f5f47ac3d32,28708f349eeda51a,/home/goncalo/git/horizonsearch/tdmpc2-jax-codex/outputs/fish-swim_dense_rhs_chaos_fish_swim_chaos_dense_rhs_sparse_hifi_300k_vec8_s15,76.80537414550781,35.97894287109375,90.21401977539062,50000,01:19:01,3->3->3->3->3,4->4->4->4->4->4->4->4->4->4->4->4->4->4->4->4->4->4->4->4->4->4->4->4->4->4->4->4->4->4->4->4->4->4->4,completed,Completed; no automatic classifier for this method.
2026-05-09T19:12:22+00:00,launch,1985,multienv_chaos_dense_rhs,cartpole-swingup,chaos,dense_rhs_sparse_hifi,15,cartpole_swingup_chaos_dense_rhs_sparse_hifi_300k_vec8_s15,c5db8c334524b4cb5b59550de923415e7219e8fe,973419e007abc4b2,/home/goncalo/git/horizonsearch/tdmpc2-jax-codex/outputs/cartpole-swingup_dense_rhs_chaos_cartpole_swingup_chaos_dense_rhs_sparse_hifi_300k_vec8_s15,,,,,,,,launched,Table-driven selected Sparse-HiFi Dense-RHS winner under chaos MJX training with clean evaluation.
2026-05-09T19:18:54+00:00,completed,1983,multienv_chaos_dense_rhs,finger-turn_hard,chaos,dense_rhs_sparse_hifi,15,finger_turn_hard_chaos_dense_rhs_sparse_hifi_300k_vec8_s15,c63eb16385c77bb756f39ea99d6f3f5f47ac3d32,3e0ffcf1fa5afe33,/home/goncalo/git/horizonsearch/tdmpc2-jax-codex/outputs/finger-turn_hard_dense_rhs_chaos_finger_turn_hard_chaos_dense_rhs_sparse_hifi_300k_vec8_s15,688.5999755859375,405.9638671875,688.5999755859375,300000,01:24:19,3->3->3->3->3,4->4->4->4->4->4->4->4->4->4->4->4->4->4->4->4->4->4->4->4->4->4->4->4->4->4->4->4->4->4->4->4->4->4->4,completed,Completed; no automatic classifier for this method.
2026-05-09T19:19:16+00:00,launch,1986,multienv_chaos_dense_rhs,acrobot-swingup,chaos,dense_rhs_sparse_hifi,15,acrobot_swingup_chaos_dense_rhs_sparse_hifi_300k_vec8_s15,1a3f36d089249754f38cf002a9ca9b520e2a10ce,82df1e9870e3b840,/home/goncalo/git/horizonsearch/tdmpc2-jax-codex/outputs/acrobot-swingup_dense_rhs_chaos_acrobot_swingup_chaos_dense_rhs_sparse_hifi_300k_vec8_s15,,,,,,,,launched,Table-driven selected Sparse-HiFi Dense-RHS winner under chaos MJX training with clean evaluation.
2026-05-09T19:24:53+00:00,completed,1984,multienv_chaos_dense_rhs,cheetah-run,chaos,dense_rhs_sparse_hifi,15,cheetah_run_chaos_dense_rhs_sparse_hifi_300k_vec8_s15,c63eb16385c77bb756f39ea99d6f3f5f47ac3d32,f482c2bca4ebc567,/home/goncalo/git/horizonsearch/tdmpc2-jax-codex/outputs/cheetah-run_dense_rhs_chaos_cheetah_run_chaos_dense_rhs_sparse_hifi_300k_vec8_s15,491.46044921875,76.12613677978516,491.46044921875,300000,01:31:02,3->4->3->4->5,4->4->4->4->4->4->4->4->4->4->4->4->4->4->4->4->4->4->4->4->4->4->4->4->4->4->4->4->4->4->4->8->8->8->8,completed,Completed; no automatic classifier for this method.
2026-05-09T19:25:15+00:00,launch,1987,multienv_chaos_dense_rhs,walker-run,chaos,dense_rhs_sparse_hifi,15,walker_run_chaos_dense_rhs_sparse_hifi_300k_vec8_s15,337eb9607582f7170bdc15a5f9e1183848f62234,0bc382424d777c7f,/home/goncalo/git/horizonsearch/tdmpc2-jax-codex/outputs/walker-run_dense_rhs_chaos_walker_run_chaos_dense_rhs_sparse_hifi_300k_vec8_s15,,,,,,,,launched,Table-driven selected Sparse-HiFi Dense-RHS winner under chaos MJX training with clean evaluation.
2026-05-09T20:33:45+00:00,completed,1985,multienv_chaos_dense_rhs,cartpole-swingup,chaos,dense_rhs_sparse_hifi,15,cartpole_swingup_chaos_dense_rhs_sparse_hifi_300k_vec8_s15,c5db8c334524b4cb5b59550de923415e7219e8fe,973419e007abc4b2,/home/goncalo/git/horizonsearch/tdmpc2-jax-codex/outputs/cartpole-swingup_dense_rhs_chaos_cartpole_swingup_chaos_dense_rhs_sparse_hifi_300k_vec8_s15,876.3756103515625,1.726609706878662,876.3756103515625,300000,01:19:03,3->3->3->2->3,4->4->4->4->4->4->4->4->4->4->4->4->4->4->4->4->4->4->4->4->4->4->4->4->4->4->4->4->4->4->4->4->4->4->4,completed,Completed; no automatic classifier for this method.
2026-05-09T20:34:08+00:00,launch,1988,multienv_chaos_dense_rhs,hopper-hop,chaos,dense_rhs_sparse_hifi,15,hopper_hop_chaos_dense_rhs_sparse_hifi_300k_vec8_s15,ffa6c4e17beca1350b8857908d31ff3f075c4fe0,ea3ef54b5e32fe70,/home/goncalo/git/horizonsearch/tdmpc2-jax-codex/outputs/hopper-hop_dense_rhs_chaos_hopper_hop_chaos_dense_rhs_sparse_hifi_300k_vec8_s15,,,,,,,,launched,Table-driven selected Sparse-HiFi Dense-RHS winner under chaos MJX training with clean evaluation.
2026-05-09T20:36:00+00:00,completed,1986,multienv_chaos_dense_rhs,acrobot-swingup,chaos,dense_rhs_sparse_hifi,15,acrobot_swingup_chaos_dense_rhs_sparse_hifi_300k_vec8_s15,1a3f36d089249754f38cf002a9ca9b520e2a10ce,82df1e9870e3b840,/home/goncalo/git/horizonsearch/tdmpc2-jax-codex/outputs/acrobot-swingup_dense_rhs_chaos_acrobot_swingup_chaos_dense_rhs_sparse_hifi_300k_vec8_s15,353.9346923828125,109.49887084960938,379.4981994628906,250000,01:16:17,4->4->4->4->4,4->4->4->4->4->4->4->4->4->4->4->4->4->4->4->4->4->4->4->4->4->4->4->4->4->4->4->4->4->4->4->4->4->4->4,completed,Completed; no automatic classifier for this method.
2026-05-09T21:21:07+00:00,completed,1987,multienv_chaos_dense_rhs,walker-run,chaos,dense_rhs_sparse_hifi,15,walker_run_chaos_dense_rhs_sparse_hifi_300k_vec8_s15,337eb9607582f7170bdc15a5f9e1183848f62234,0bc382424d777c7f,/home/goncalo/git/horizonsearch/tdmpc2-jax-codex/outputs/walker-run_dense_rhs_chaos_walker_run_chaos_dense_rhs_sparse_hifi_300k_vec8_s15,579.1027221679688,34.14745330810547,627.7696533203125,250000,01:54:57,3->3->3->4->4,4->4->4->4->4->4->4->4->4->4->4->4->4->4->4->4->4->4->4->4->4->4->4->4->4->4->4->4->4->4->4->4->4->4->4,completed,Completed; no automatic classifier for this method.
2026-05-09T22:06:08+00:00,completed,1988,multienv_chaos_dense_rhs,hopper-hop,chaos,dense_rhs_sparse_hifi,15,hopper_hop_chaos_dense_rhs_sparse_hifi_300k_vec8_s15,ffa6c4e17beca1350b8857908d31ff3f075c4fe0,ea3ef54b5e32fe70,/home/goncalo/git/horizonsearch/tdmpc2-jax-codex/outputs/hopper-hop_dense_rhs_chaos_hopper_hop_chaos_dense_rhs_sparse_hifi_300k_vec8_s15,173.11436462402344,9.265361785888672,173.11436462402344,300000,01:31:31,2->2->2->3->3,4->4->4->4->4->4->4->4->4->4->4->4->4->4->4->4->4->4->4->4->4->4->4->4->4->4->4->4->4->4->4->4->4->4->4,completed,Completed; no automatic classifier for this method.
