step,tag,value
3992,episode/return,nan
3992,episode/length,500.0
3993,episode/return,nan
3993,episode/length,500.0
3994,episode/return,nan
3994,episode/length,500.0
3995,episode/return,nan
3995,episode/length,500.0
3996,episode/return,nan
3996,episode/length,500.0
3997,episode/return,nan
3997,episode/length,500.0
3998,episode/return,nan
3998,episode/length,500.0
3999,episode/return,nan
3999,episode/length,500.0
4000,seed_pretrain/updates_completed,512.0
4000,timing/collect_chunk_s,37.851247331593186
4000,timing/train_chunk_s,243.78256217204034
4000,system/heartbeat,1.0
4000,seed_pretrain/updates_completed,1024.0
4000,timing/collect_chunk_s,37.851247331593186
4000,timing/train_chunk_s,244.89064254658297
4000,system/heartbeat,1.0
4000,seed_pretrain/updates_completed,1536.0
4000,timing/collect_chunk_s,37.851247331593186
4000,timing/train_chunk_s,245.99827345926315
4000,system/heartbeat,1.0
4000,seed_pretrain/updates_completed,2048.0
4000,timing/collect_chunk_s,37.851247331593186
4000,timing/train_chunk_s,247.10766454879194
4000,system/heartbeat,1.0
4000,seed_pretrain/updates_completed,2560.0
4000,timing/collect_chunk_s,37.851247331593186
4000,timing/train_chunk_s,248.2167835808359
4000,system/heartbeat,1.0
4000,seed_pretrain/updates_completed,3072.0
4000,timing/collect_chunk_s,37.851247331593186
4000,timing/train_chunk_s,249.32655438687652
4000,system/heartbeat,1.0
4000,seed_pretrain/updates_completed,3584.0
4000,timing/collect_chunk_s,37.851247331593186
4000,timing/train_chunk_s,250.43671945808455
4000,system/heartbeat,1.0
7992,episode/return,nan
7992,episode/length,500.0
7993,episode/return,nan
7993,episode/length,500.0
7994,episode/return,nan
7994,episode/length,500.0
7995,episode/return,nan
7995,episode/length,500.0
7996,episode/return,nan
7996,episode/length,500.0
7997,episode/return,nan
7997,episode/length,500.0
7998,episode/return,nan
7998,episode/length,500.0
7999,episode/return,nan
7999,episode/length,500.0
10000,train/consistency_loss_mean,nan
10000,train/consistency_loss_std,nan
10000,train/continue_loss_mean,0.0
10000,train/continue_loss_std,0.0
10000,train/grad_norm_mean,nan
10000,train/grad_norm_std,nan
10000,train/policy_log_std_mean,nan
10000,train/policy_log_std_std,nan
10000,train/policy_loss_mean,nan
10000,train/policy_loss_std,nan
10000,train/reward_loss_mean,nan
10000,train/reward_loss_std,nan
10000,train/total_loss_mean,nan
10000,train/total_loss_std,nan
10000,train/value_loss_mean,nan
10000,train/value_loss_std,nan
10000,train/value_scale_mean,nan
10000,train/value_scale_std,nan
10000,timing/collect_chunk_s,231.3126505096443
10000,timing/train_chunk_s,310.3610144890845
10000,dense_rhs/training_bucket_horizon,3.0
10000,system/heartbeat,1.0
11992,episode/return,nan
11992,episode/length,500.0
11993,episode/return,nan
11993,episode/length,500.0
11994,episode/return,nan
11994,episode/length,500.0
11995,episode/return,nan
11995,episode/length,500.0
11996,episode/return,nan
11996,episode/length,500.0
11997,episode/return,nan
11997,episode/length,500.0
11998,episode/return,nan
11998,episode/length,500.0
11999,episode/return,nan
11999,episode/length,500.0
15992,episode/return,nan
15992,episode/length,500.0
15993,episode/return,nan
15993,episode/length,500.0
15994,episode/return,nan
15994,episode/length,500.0
15995,episode/return,nan
15995,episode/length,500.0
15996,episode/return,nan
15996,episode/length,500.0
15997,episode/return,nan
15997,episode/length,500.0
15998,episode/return,nan
15998,episode/length,500.0
15999,episode/return,nan
15999,episode/length,500.0
19992,episode/return,nan
19992,episode/length,500.0
19993,episode/return,nan
19993,episode/length,500.0
19994,episode/return,nan
19994,episode/length,500.0
19995,episode/return,nan
19995,episode/length,500.0
19996,episode/return,nan
19996,episode/length,500.0
19997,episode/return,nan
19997,episode/length,500.0
19998,episode/return,nan
19998,episode/length,500.0
19999,episode/return,nan
19999,episode/length,500.0
20000,train/consistency_loss_mean,nan
20000,train/consistency_loss_std,nan
20000,train/continue_loss_mean,0.0
20000,train/continue_loss_std,0.0
20000,train/grad_norm_mean,nan
20000,train/grad_norm_std,nan
20000,train/policy_log_std_mean,nan
20000,train/policy_log_std_std,nan
20000,train/policy_loss_mean,nan
20000,train/policy_loss_std,nan
20000,train/reward_loss_mean,nan
20000,train/reward_loss_std,nan
20000,train/total_loss_mean,nan
20000,train/total_loss_std,nan
20000,train/value_loss_mean,nan
20000,train/value_loss_std,nan
20000,train/value_scale_mean,nan
20000,train/value_scale_std,nan
20000,timing/collect_chunk_s,92.96483175316826
20000,timing/train_chunk_s,21.055529431439936
20000,dense_rhs/training_bucket_horizon,3.0
20000,system/heartbeat,1.0
23992,episode/return,nan
23992,episode/length,500.0
23993,episode/return,nan
23993,episode/length,500.0
23994,episode/return,nan
23994,episode/length,500.0
23995,episode/return,nan
23995,episode/length,500.0
23996,episode/return,nan
23996,episode/length,500.0
23997,episode/return,nan
23997,episode/length,500.0
23998,episode/return,nan
23998,episode/length,500.0
23999,episode/return,nan
23999,episode/length,500.0
27992,episode/return,nan
27992,episode/length,500.0
27993,episode/return,nan
27993,episode/length,500.0
27994,episode/return,nan
27994,episode/length,500.0
27995,episode/return,nan
27995,episode/length,500.0
27996,episode/return,nan
27996,episode/length,500.0
27997,episode/return,nan
27997,episode/length,500.0
27998,episode/return,nan
27998,episode/length,500.0
27999,episode/return,nan
27999,episode/length,500.0
30000,train/consistency_loss_mean,nan
30000,train/consistency_loss_std,nan
30000,train/continue_loss_mean,0.0
30000,train/continue_loss_std,0.0
30000,train/grad_norm_mean,nan
30000,train/grad_norm_std,nan
30000,train/policy_log_std_mean,nan
30000,train/policy_log_std_std,nan
30000,train/policy_loss_mean,nan
30000,train/policy_loss_std,nan
30000,train/reward_loss_mean,nan
30000,train/reward_loss_std,nan
30000,train/total_loss_mean,nan
30000,train/total_loss_std,nan
30000,train/value_loss_mean,nan
30000,train/value_loss_std,nan
30000,train/value_scale_mean,nan
30000,train/value_scale_std,nan
30000,timing/collect_chunk_s,93.52769000502303
30000,timing/train_chunk_s,21.064453283324838
30000,dense_rhs/training_bucket_horizon,3.0
30000,system/heartbeat,1.0
31992,episode/return,nan
31992,episode/length,500.0
31993,episode/return,nan
31993,episode/length,500.0
31994,episode/return,nan
31994,episode/length,500.0
31995,episode/return,nan
31995,episode/length,500.0
31996,episode/return,nan
31996,episode/length,500.0
31997,episode/return,nan
31997,episode/length,500.0
31998,episode/return,nan
31998,episode/length,500.0
31999,episode/return,nan
31999,episode/length,500.0
35992,episode/return,nan
35992,episode/length,500.0
35993,episode/return,nan
35993,episode/length,500.0
35994,episode/return,nan
35994,episode/length,500.0
35995,episode/return,nan
35995,episode/length,500.0
35996,episode/return,nan
35996,episode/length,500.0
35997,episode/return,nan
35997,episode/length,500.0
35998,episode/return,nan
35998,episode/length,500.0
35999,episode/return,nan
35999,episode/length,500.0
39992,episode/return,nan
39992,episode/length,500.0
39993,episode/return,nan
39993,episode/length,500.0
39994,episode/return,nan
39994,episode/length,500.0
39995,episode/return,nan
39995,episode/length,500.0
39996,episode/return,nan
39996,episode/length,500.0
39997,episode/return,nan
39997,episode/length,500.0
39998,episode/return,nan
39998,episode/length,500.0
39999,episode/return,nan
39999,episode/length,500.0
40000,train/consistency_loss_mean,nan
40000,train/consistency_loss_std,nan
40000,train/continue_loss_mean,0.0
40000,train/continue_loss_std,0.0
40000,train/grad_norm_mean,nan
40000,train/grad_norm_std,nan
40000,train/policy_log_std_mean,nan
40000,train/policy_log_std_std,nan
40000,train/policy_loss_mean,nan
40000,train/policy_loss_std,nan
40000,train/reward_loss_mean,nan
40000,train/reward_loss_std,nan
40000,train/total_loss_mean,nan
40000,train/total_loss_std,nan
40000,train/value_loss_mean,nan
40000,train/value_loss_std,nan
40000,train/value_scale_mean,nan
40000,train/value_scale_std,nan
40000,timing/collect_chunk_s,93.68922321125865
40000,timing/train_chunk_s,21.08169345324859
40000,dense_rhs/training_bucket_horizon,3.0
40000,system/heartbeat,1.0
43992,episode/return,nan
43992,episode/length,500.0
43993,episode/return,nan
43993,episode/length,500.0
43994,episode/return,nan
43994,episode/length,500.0
43995,episode/return,nan
43995,episode/length,500.0
43996,episode/return,nan
43996,episode/length,500.0
43997,episode/return,nan
43997,episode/length,500.0
43998,episode/return,nan
43998,episode/length,500.0
43999,episode/return,nan
43999,episode/length,500.0
47992,episode/return,nan
47992,episode/length,500.0
47993,episode/return,nan
47993,episode/length,500.0
47994,episode/return,nan
47994,episode/length,500.0
47995,episode/return,nan
47995,episode/length,500.0
47996,episode/return,nan
47996,episode/length,500.0
47997,episode/return,nan
47997,episode/length,500.0
47998,episode/return,nan
47998,episode/length,500.0
47999,episode/return,nan
47999,episode/length,500.0
50000,train/consistency_loss_mean,nan
50000,train/consistency_loss_std,nan
50000,train/continue_loss_mean,0.0
50000,train/continue_loss_std,0.0
50000,train/grad_norm_mean,nan
50000,train/grad_norm_std,nan
50000,train/policy_log_std_mean,nan
50000,train/policy_log_std_std,nan
50000,train/policy_loss_mean,nan
50000,train/policy_loss_std,nan
50000,train/reward_loss_mean,nan
50000,train/reward_loss_std,nan
50000,train/total_loss_mean,nan
50000,train/total_loss_std,nan
50000,train/value_loss_mean,nan
50000,train/value_loss_std,nan
50000,train/value_scale_mean,nan
50000,train/value_scale_std,nan
50000,timing/collect_chunk_s,92.85073613934219
50000,timing/train_chunk_s,21.082143389154226
50000,dense_rhs/training_bucket_horizon,3.0
50000,system/heartbeat,1.0
50000,timing/checkpoint_blocking_s,0.3288110629655421
50000,eval/return_mean,nan
50000,eval/return_std,nan
50000,eval/return_max,nan
50000,eval/return_min,nan
50000,timing/eval_s,90.44508572714403
50000,eval/selected_horizon,3.0
50000,eval/training_bucket_horizon,3.0
50000,system/heartbeat,1.0
51992,episode/return,nan
51992,episode/length,500.0
51993,episode/return,nan
51993,episode/length,500.0
51994,episode/return,nan
51994,episode/length,500.0
51995,episode/return,nan
51995,episode/length,500.0
51996,episode/return,nan
51996,episode/length,500.0
51997,episode/return,nan
51997,episode/length,500.0
51998,episode/return,nan
51998,episode/length,500.0
51999,episode/return,nan
51999,episode/length,500.0
55992,episode/return,nan
55992,episode/length,500.0
55993,episode/return,nan
55993,episode/length,500.0
55994,episode/return,nan
55994,episode/length,500.0
55995,episode/return,nan
55995,episode/length,500.0
55996,episode/return,nan
55996,episode/length,500.0
55997,episode/return,nan
55997,episode/length,500.0
55998,episode/return,nan
55998,episode/length,500.0
55999,episode/return,nan
55999,episode/length,500.0
59992,episode/return,nan
59992,episode/length,500.0
59993,episode/return,nan
59993,episode/length,500.0
59994,episode/return,nan
59994,episode/length,500.0
59995,episode/return,nan
59995,episode/length,500.0
59996,episode/return,nan
59996,episode/length,500.0
59997,episode/return,nan
59997,episode/length,500.0
59998,episode/return,nan
59998,episode/length,500.0
59999,episode/return,nan
59999,episode/length,500.0
60000,train/consistency_loss_mean,nan
60000,train/consistency_loss_std,nan
60000,train/continue_loss_mean,0.0
60000,train/continue_loss_std,0.0
60000,train/grad_norm_mean,nan
60000,train/grad_norm_std,nan
60000,train/policy_log_std_mean,nan
60000,train/policy_log_std_std,nan
60000,train/policy_loss_mean,nan
60000,train/policy_loss_std,nan
60000,train/reward_loss_mean,nan
60000,train/reward_loss_std,nan
60000,train/total_loss_mean,nan
60000,train/total_loss_std,nan
60000,train/value_loss_mean,nan
60000,train/value_loss_std,nan
60000,train/value_scale_mean,nan
60000,train/value_scale_std,nan
60000,timing/collect_chunk_s,93.0225859428756
60000,timing/train_chunk_s,21.08367237029597
60000,dense_rhs/training_bucket_horizon,3.0
60000,system/heartbeat,1.0
63992,episode/return,nan
63992,episode/length,500.0
63993,episode/return,nan
63993,episode/length,500.0
63994,episode/return,nan
63994,episode/length,500.0
63995,episode/return,nan
63995,episode/length,500.0
63996,episode/return,nan
63996,episode/length,500.0
63997,episode/return,nan
63997,episode/length,500.0
63998,episode/return,nan
63998,episode/length,500.0
63999,episode/return,nan
63999,episode/length,500.0
67992,episode/return,nan
67992,episode/length,500.0
67993,episode/return,nan
67993,episode/length,500.0
67994,episode/return,nan
67994,episode/length,500.0
67995,episode/return,nan
67995,episode/length,500.0
67996,episode/return,nan
67996,episode/length,500.0
67997,episode/return,nan
67997,episode/length,500.0
67998,episode/return,nan
67998,episode/length,500.0
67999,episode/return,nan
67999,episode/length,500.0
70000,train/consistency_loss_mean,nan
70000,train/consistency_loss_std,nan
70000,train/continue_loss_mean,0.0
70000,train/continue_loss_std,0.0
70000,train/grad_norm_mean,nan
70000,train/grad_norm_std,nan
70000,train/policy_log_std_mean,nan
70000,train/policy_log_std_std,nan
70000,train/policy_loss_mean,nan
70000,train/policy_loss_std,nan
70000,train/reward_loss_mean,nan
70000,train/reward_loss_std,nan
70000,train/total_loss_mean,nan
70000,train/total_loss_std,nan
70000,train/value_loss_mean,nan
70000,train/value_loss_std,nan
70000,train/value_scale_mean,nan
70000,train/value_scale_std,nan
70000,timing/collect_chunk_s,93.46969729289412
70000,timing/train_chunk_s,21.002638459205627
70000,dense_rhs/training_bucket_horizon,3.0
70000,system/heartbeat,1.0
71992,episode/return,nan
71992,episode/length,500.0
71993,episode/return,nan
71993,episode/length,500.0
71994,episode/return,nan
71994,episode/length,500.0
71995,episode/return,nan
71995,episode/length,500.0
71996,episode/return,nan
71996,episode/length,500.0
71997,episode/return,nan
71997,episode/length,500.0
71998,episode/return,nan
71998,episode/length,500.0
71999,episode/return,nan
71999,episode/length,500.0
75992,episode/return,nan
75992,episode/length,500.0
75993,episode/return,nan
75993,episode/length,500.0
75994,episode/return,nan
75994,episode/length,500.0
75995,episode/return,nan
75995,episode/length,500.0
75996,episode/return,nan
75996,episode/length,500.0
75997,episode/return,nan
75997,episode/length,500.0
75998,episode/return,nan
75998,episode/length,500.0
75999,episode/return,nan
75999,episode/length,500.0
79992,episode/return,nan
79992,episode/length,500.0
79993,episode/return,nan
79993,episode/length,500.0
79994,episode/return,nan
79994,episode/length,500.0
79995,episode/return,nan
79995,episode/length,500.0
79996,episode/return,nan
79996,episode/length,500.0
79997,episode/return,nan
79997,episode/length,500.0
79998,episode/return,nan
79998,episode/length,500.0
79999,episode/return,nan
79999,episode/length,500.0
80000,train/consistency_loss_mean,nan
80000,train/consistency_loss_std,nan
80000,train/continue_loss_mean,0.0
80000,train/continue_loss_std,0.0
80000,train/grad_norm_mean,nan
80000,train/grad_norm_std,nan
80000,train/policy_log_std_mean,nan
80000,train/policy_log_std_std,nan
80000,train/policy_loss_mean,nan
80000,train/policy_loss_std,nan
80000,train/reward_loss_mean,nan
80000,train/reward_loss_std,nan
80000,train/total_loss_mean,nan
80000,train/total_loss_std,nan
80000,train/value_loss_mean,nan
80000,train/value_loss_std,nan
80000,train/value_scale_mean,nan
80000,train/value_scale_std,nan
80000,timing/collect_chunk_s,93.23723499150947
80000,timing/train_chunk_s,21.058592168148607
80000,dense_rhs/training_bucket_horizon,3.0
80000,system/heartbeat,1.0
83992,episode/return,nan
83992,episode/length,500.0
83993,episode/return,nan
83993,episode/length,500.0
83994,episode/return,nan
83994,episode/length,500.0
83995,episode/return,nan
83995,episode/length,500.0
83996,episode/return,nan
83996,episode/length,500.0
83997,episode/return,nan
83997,episode/length,500.0
83998,episode/return,nan
83998,episode/length,500.0
83999,episode/return,nan
83999,episode/length,500.0
87992,episode/return,nan
87992,episode/length,500.0
87993,episode/return,nan
87993,episode/length,500.0
87994,episode/return,nan
87994,episode/length,500.0
87995,episode/return,nan
87995,episode/length,500.0
87996,episode/return,nan
87996,episode/length,500.0
87997,episode/return,nan
87997,episode/length,500.0
87998,episode/return,nan
87998,episode/length,500.0
87999,episode/return,nan
87999,episode/length,500.0
90000,train/consistency_loss_mean,nan
90000,train/consistency_loss_std,nan
90000,train/continue_loss_mean,0.0
90000,train/continue_loss_std,0.0
90000,train/grad_norm_mean,nan
90000,train/grad_norm_std,nan
90000,train/policy_log_std_mean,nan
90000,train/policy_log_std_std,nan
90000,train/policy_loss_mean,nan
90000,train/policy_loss_std,nan
90000,train/reward_loss_mean,nan
90000,train/reward_loss_std,nan
90000,train/total_loss_mean,nan
90000,train/total_loss_std,nan
90000,train/value_loss_mean,nan
90000,train/value_loss_std,nan
90000,train/value_scale_mean,nan
90000,train/value_scale_std,nan
90000,timing/collect_chunk_s,93.87990619661286
90000,timing/train_chunk_s,21.058137957938015
90000,dense_rhs/training_bucket_horizon,3.0
90000,system/heartbeat,1.0
91992,episode/return,nan
91992,episode/length,500.0
91993,episode/return,nan
91993,episode/length,500.0
91994,episode/return,nan
91994,episode/length,500.0
91995,episode/return,nan
91995,episode/length,500.0
91996,episode/return,nan
91996,episode/length,500.0
91997,episode/return,nan
91997,episode/length,500.0
91998,episode/return,nan
91998,episode/length,500.0
91999,episode/return,nan
91999,episode/length,500.0
95992,episode/return,nan
95992,episode/length,500.0
95993,episode/return,nan
95993,episode/length,500.0
95994,episode/return,nan
95994,episode/length,500.0
95995,episode/return,nan
95995,episode/length,500.0
95996,episode/return,nan
95996,episode/length,500.0
95997,episode/return,nan
95997,episode/length,500.0
95998,episode/return,nan
95998,episode/length,500.0
95999,episode/return,nan
95999,episode/length,500.0
99992,episode/return,nan
99992,episode/length,500.0
99993,episode/return,nan
99993,episode/length,500.0
99994,episode/return,nan
99994,episode/length,500.0
99995,episode/return,nan
99995,episode/length,500.0
99996,episode/return,nan
99996,episode/length,500.0
99997,episode/return,nan
99997,episode/length,500.0
99998,episode/return,nan
99998,episode/length,500.0
99999,episode/return,nan
99999,episode/length,500.0
100000,train/consistency_loss_mean,nan
100000,train/consistency_loss_std,nan
100000,train/continue_loss_mean,0.0
100000,train/continue_loss_std,0.0
100000,train/grad_norm_mean,nan
100000,train/grad_norm_std,nan
100000,train/policy_log_std_mean,nan
100000,train/policy_log_std_std,nan
100000,train/policy_loss_mean,nan
100000,train/policy_loss_std,nan
100000,train/reward_loss_mean,nan
100000,train/reward_loss_std,nan
100000,train/total_loss_mean,nan
100000,train/total_loss_std,nan
100000,train/value_loss_mean,nan
100000,train/value_loss_std,nan
100000,train/value_scale_mean,nan
100000,train/value_scale_std,nan
100000,timing/collect_chunk_s,93.93155061872676
100000,timing/train_chunk_s,21.041159266140312
100000,dense_rhs/training_bucket_horizon,3.0
100000,system/heartbeat,1.0
100000,timing/checkpoint_blocking_s,0.32713748468086123
100000,eval/return_mean,nan
100000,eval/return_std,nan
100000,eval/return_max,nan
100000,eval/return_min,nan
100000,timing/eval_s,8.949179303832352
100000,eval/selected_horizon,3.0
100000,eval/training_bucket_horizon,3.0
100000,system/heartbeat,1.0
103992,episode/return,nan
103992,episode/length,500.0
103993,episode/return,nan
103993,episode/length,500.0
103994,episode/return,nan
103994,episode/length,500.0
103995,episode/return,nan
103995,episode/length,500.0
103996,episode/return,nan
103996,episode/length,500.0
103997,episode/return,nan
103997,episode/length,500.0
103998,episode/return,nan
103998,episode/length,500.0
103999,episode/return,nan
103999,episode/length,500.0
107992,episode/return,nan
107992,episode/length,500.0
107993,episode/return,nan
107993,episode/length,500.0
107994,episode/return,nan
107994,episode/length,500.0
107995,episode/return,nan
107995,episode/length,500.0
107996,episode/return,nan
107996,episode/length,500.0
107997,episode/return,nan
107997,episode/length,500.0
107998,episode/return,nan
107998,episode/length,500.0
107999,episode/return,nan
107999,episode/length,500.0
110000,train/consistency_loss_mean,nan
110000,train/consistency_loss_std,nan
110000,train/continue_loss_mean,0.0
110000,train/continue_loss_std,0.0
110000,train/grad_norm_mean,nan
110000,train/grad_norm_std,nan
110000,train/policy_log_std_mean,nan
110000,train/policy_log_std_std,nan
110000,train/policy_loss_mean,nan
110000,train/policy_loss_std,nan
110000,train/reward_loss_mean,nan
110000,train/reward_loss_std,nan
110000,train/total_loss_mean,nan
110000,train/total_loss_std,nan
110000,train/value_loss_mean,nan
110000,train/value_loss_std,nan
110000,train/value_scale_mean,nan
110000,train/value_scale_std,nan
110000,timing/collect_chunk_s,93.63364251004532
110000,timing/train_chunk_s,21.036291886586696
110000,dense_rhs/training_bucket_horizon,3.0
110000,system/heartbeat,1.0
111992,episode/return,nan
111992,episode/length,500.0
111993,episode/return,nan
111993,episode/length,500.0
111994,episode/return,nan
111994,episode/length,500.0
111995,episode/return,nan
111995,episode/length,500.0
111996,episode/return,nan
111996,episode/length,500.0
111997,episode/return,nan
111997,episode/length,500.0
111998,episode/return,nan
111998,episode/length,500.0
111999,episode/return,nan
111999,episode/length,500.0
115992,episode/return,nan
115992,episode/length,500.0
115993,episode/return,nan
115993,episode/length,500.0
115994,episode/return,nan
115994,episode/length,500.0
115995,episode/return,nan
115995,episode/length,500.0
115996,episode/return,nan
115996,episode/length,500.0
115997,episode/return,nan
115997,episode/length,500.0
115998,episode/return,nan
115998,episode/length,500.0
115999,episode/return,nan
115999,episode/length,500.0
119992,episode/return,nan
119992,episode/length,500.0
119993,episode/return,nan
119993,episode/length,500.0
119994,episode/return,nan
119994,episode/length,500.0
119995,episode/return,nan
119995,episode/length,500.0
119996,episode/return,nan
119996,episode/length,500.0
119997,episode/return,nan
119997,episode/length,500.0
119998,episode/return,nan
119998,episode/length,500.0
119999,episode/return,nan
119999,episode/length,500.0
120000,train/consistency_loss_mean,nan
120000,train/consistency_loss_std,nan
120000,train/continue_loss_mean,0.0
120000,train/continue_loss_std,0.0
120000,train/grad_norm_mean,nan
120000,train/grad_norm_std,nan
120000,train/policy_log_std_mean,nan
120000,train/policy_log_std_std,nan
120000,train/policy_loss_mean,nan
120000,train/policy_loss_std,nan
120000,train/reward_loss_mean,nan
120000,train/reward_loss_std,nan
120000,train/total_loss_mean,nan
120000,train/total_loss_std,nan
120000,train/value_loss_mean,nan
120000,train/value_loss_std,nan
120000,train/value_scale_mean,nan
120000,train/value_scale_std,nan
120000,timing/collect_chunk_s,91.3289336762391
120000,timing/train_chunk_s,21.08570643188432
120000,dense_rhs/training_bucket_horizon,3.0
120000,system/heartbeat,1.0
123992,episode/return,nan
123992,episode/length,500.0
123993,episode/return,nan
123993,episode/length,500.0
123994,episode/return,nan
123994,episode/length,500.0
123995,episode/return,nan
123995,episode/length,500.0
123996,episode/return,nan
123996,episode/length,500.0
123997,episode/return,nan
123997,episode/length,500.0
123998,episode/return,nan
123998,episode/length,500.0
123999,episode/return,nan
123999,episode/length,500.0
127992,episode/return,63.60554885864258
127992,episode/length,500.0
127993,episode/return,nan
127993,episode/length,500.0
127994,episode/return,nan
127994,episode/length,500.0
127995,episode/return,nan
127995,episode/length,500.0
127996,episode/return,nan
127996,episode/length,500.0
127997,episode/return,nan
127997,episode/length,500.0
127998,episode/return,nan
127998,episode/length,500.0
127999,episode/return,nan
127999,episode/length,500.0
130000,train/consistency_loss_mean,nan
130000,train/consistency_loss_std,nan
130000,train/continue_loss_mean,0.0
130000,train/continue_loss_std,0.0
130000,train/grad_norm_mean,nan
130000,train/grad_norm_std,nan
130000,train/policy_log_std_mean,nan
130000,train/policy_log_std_std,nan
130000,train/policy_loss_mean,nan
130000,train/policy_loss_std,nan
130000,train/reward_loss_mean,nan
130000,train/reward_loss_std,nan
130000,train/total_loss_mean,nan
130000,train/total_loss_std,nan
130000,train/value_loss_mean,nan
130000,train/value_loss_std,nan
130000,train/value_scale_mean,nan
130000,train/value_scale_std,nan
130000,timing/collect_chunk_s,94.94936307705939
130000,timing/train_chunk_s,21.057115466333926
130000,dense_rhs/training_bucket_horizon,3.0
130000,system/heartbeat,1.0
131992,episode/return,nan
131992,episode/length,500.0
131993,episode/return,nan
131993,episode/length,500.0
131994,episode/return,nan
131994,episode/length,500.0
131995,episode/return,nan
131995,episode/length,500.0
131996,episode/return,nan
131996,episode/length,500.0
131997,episode/return,nan
131997,episode/length,500.0
131998,episode/return,nan
131998,episode/length,500.0
131999,episode/return,nan
131999,episode/length,500.0
135992,episode/return,nan
135992,episode/length,500.0
135993,episode/return,nan
135993,episode/length,500.0
135994,episode/return,nan
135994,episode/length,500.0
135995,episode/return,nan
135995,episode/length,500.0
135996,episode/return,nan
135996,episode/length,500.0
135997,episode/return,nan
135997,episode/length,500.0
135998,episode/return,nan
135998,episode/length,500.0
135999,episode/return,nan
135999,episode/length,500.0
139992,episode/return,nan
139992,episode/length,500.0
139993,episode/return,nan
139993,episode/length,500.0
139994,episode/return,nan
139994,episode/length,500.0
139995,episode/return,nan
139995,episode/length,500.0
139996,episode/return,nan
139996,episode/length,500.0
139997,episode/return,nan
139997,episode/length,500.0
139998,episode/return,nan
139998,episode/length,500.0
139999,episode/return,nan
139999,episode/length,500.0
140000,train/consistency_loss_mean,nan
140000,train/consistency_loss_std,nan
140000,train/continue_loss_mean,0.0
140000,train/continue_loss_std,0.0
140000,train/grad_norm_mean,nan
140000,train/grad_norm_std,nan
140000,train/policy_log_std_mean,nan
140000,train/policy_log_std_std,nan
140000,train/policy_loss_mean,nan
140000,train/policy_loss_std,nan
140000,train/reward_loss_mean,nan
140000,train/reward_loss_std,nan
140000,train/total_loss_mean,nan
140000,train/total_loss_std,nan
140000,train/value_loss_mean,nan
140000,train/value_loss_std,nan
140000,train/value_scale_mean,nan
140000,train/value_scale_std,nan
140000,timing/collect_chunk_s,90.77287387754768
140000,timing/train_chunk_s,21.027261380571872
140000,dense_rhs/training_bucket_horizon,3.0
140000,system/heartbeat,1.0
143992,episode/return,nan
143992,episode/length,500.0
143993,episode/return,nan
143993,episode/length,500.0
143994,episode/return,nan
143994,episode/length,500.0
143995,episode/return,nan
143995,episode/length,500.0
143996,episode/return,nan
143996,episode/length,500.0
143997,episode/return,nan
143997,episode/length,500.0
143998,episode/return,nan
143998,episode/length,500.0
143999,episode/return,nan
143999,episode/length,500.0
147992,episode/return,nan
147992,episode/length,500.0
147993,episode/return,nan
147993,episode/length,500.0
147994,episode/return,nan
147994,episode/length,500.0
147995,episode/return,nan
147995,episode/length,500.0
147996,episode/return,nan
147996,episode/length,500.0
147997,episode/return,nan
147997,episode/length,500.0
147998,episode/return,nan
147998,episode/length,500.0
147999,episode/return,nan
147999,episode/length,500.0
150000,train/consistency_loss_mean,nan
150000,train/consistency_loss_std,nan
150000,train/continue_loss_mean,0.0
150000,train/continue_loss_std,0.0
150000,train/grad_norm_mean,nan
150000,train/grad_norm_std,nan
150000,train/policy_log_std_mean,nan
150000,train/policy_log_std_std,nan
150000,train/policy_loss_mean,nan
150000,train/policy_loss_std,nan
150000,train/reward_loss_mean,nan
150000,train/reward_loss_std,nan
150000,train/total_loss_mean,nan
150000,train/total_loss_std,nan
150000,train/value_loss_mean,nan
150000,train/value_loss_std,nan
150000,train/value_scale_mean,nan
150000,train/value_scale_std,nan
150000,timing/collect_chunk_s,93.6949278456159
150000,timing/train_chunk_s,20.999775810167193
150000,dense_rhs/training_bucket_horizon,3.0
150000,system/heartbeat,1.0
150000,timing/checkpoint_blocking_s,0.31885167118161917
150000,eval/return_mean,nan
150000,eval/return_std,nan
150000,eval/return_max,nan
150000,eval/return_min,nan
150000,timing/eval_s,8.94336894294247
150000,eval/selected_horizon,3.0
150000,eval/training_bucket_horizon,3.0
150000,system/heartbeat,1.0
151992,episode/return,nan
151992,episode/length,500.0
151993,episode/return,nan
151993,episode/length,500.0
151994,episode/return,nan
151994,episode/length,500.0
151995,episode/return,nan
151995,episode/length,500.0
151996,episode/return,nan
151996,episode/length,500.0
151997,episode/return,nan
151997,episode/length,500.0
151998,episode/return,nan
151998,episode/length,500.0
151999,episode/return,nan
151999,episode/length,500.0
155992,episode/return,nan
155992,episode/length,500.0
155993,episode/return,nan
155993,episode/length,500.0
155994,episode/return,nan
155994,episode/length,500.0
155995,episode/return,nan
155995,episode/length,500.0
155996,episode/return,nan
155996,episode/length,500.0
155997,episode/return,nan
155997,episode/length,500.0
155998,episode/return,nan
155998,episode/length,500.0
155999,episode/return,nan
155999,episode/length,500.0
159992,episode/return,nan
159992,episode/length,500.0
159993,episode/return,nan
159993,episode/length,500.0
159994,episode/return,nan
159994,episode/length,500.0
159995,episode/return,nan
159995,episode/length,500.0
159996,episode/return,nan
159996,episode/length,500.0
159997,episode/return,nan
159997,episode/length,500.0
159998,episode/return,nan
159998,episode/length,500.0
159999,episode/return,nan
159999,episode/length,500.0
160000,train/consistency_loss_mean,nan
160000,train/consistency_loss_std,nan
160000,train/continue_loss_mean,0.0
160000,train/continue_loss_std,0.0
160000,train/grad_norm_mean,nan
160000,train/grad_norm_std,nan
160000,train/policy_log_std_mean,nan
160000,train/policy_log_std_std,nan
160000,train/policy_loss_mean,nan
160000,train/policy_loss_std,nan
160000,train/reward_loss_mean,nan
160000,train/reward_loss_std,nan
160000,train/total_loss_mean,nan
160000,train/total_loss_std,nan
160000,train/value_loss_mean,nan
160000,train/value_loss_std,nan
160000,train/value_scale_mean,nan
160000,train/value_scale_std,nan
160000,timing/collect_chunk_s,101.80975809600204
160000,timing/train_chunk_s,21.049200606998056
160000,dense_rhs/training_bucket_horizon,3.0
160000,system/heartbeat,1.0
163992,episode/return,nan
163992,episode/length,500.0
163993,episode/return,nan
163993,episode/length,500.0
163994,episode/return,nan
163994,episode/length,500.0
163995,episode/return,nan
163995,episode/length,500.0
163996,episode/return,nan
163996,episode/length,500.0
163997,episode/return,nan
163997,episode/length,500.0
163998,episode/return,nan
163998,episode/length,500.0
163999,episode/return,nan
163999,episode/length,500.0
167992,episode/return,nan
167992,episode/length,500.0
167993,episode/return,nan
167993,episode/length,500.0
167994,episode/return,nan
167994,episode/length,500.0
167995,episode/return,nan
167995,episode/length,500.0
167996,episode/return,nan
167996,episode/length,500.0
167997,episode/return,nan
167997,episode/length,500.0
167998,episode/return,nan
167998,episode/length,500.0
167999,episode/return,nan
167999,episode/length,500.0
170000,train/consistency_loss_mean,nan
170000,train/consistency_loss_std,nan
170000,train/continue_loss_mean,0.0
170000,train/continue_loss_std,0.0
170000,train/grad_norm_mean,nan
170000,train/grad_norm_std,nan
170000,train/policy_log_std_mean,nan
170000,train/policy_log_std_std,nan
170000,train/policy_loss_mean,nan
170000,train/policy_loss_std,nan
170000,train/reward_loss_mean,nan
170000,train/reward_loss_std,nan
170000,train/total_loss_mean,nan
170000,train/total_loss_std,nan
170000,train/value_loss_mean,nan
170000,train/value_loss_std,nan
170000,train/value_scale_mean,nan
170000,train/value_scale_std,nan
170000,timing/collect_chunk_s,93.63885219581425
170000,timing/train_chunk_s,19.89413885260001
170000,dense_rhs/training_bucket_horizon,3.0
170000,system/heartbeat,1.0
171992,episode/return,nan
171992,episode/length,500.0
171993,episode/return,nan
171993,episode/length,500.0
171994,episode/return,nan
171994,episode/length,500.0
171995,episode/return,nan
171995,episode/length,500.0
171996,episode/return,nan
171996,episode/length,500.0
171997,episode/return,nan
171997,episode/length,500.0
171998,episode/return,nan
171998,episode/length,500.0
171999,episode/return,nan
171999,episode/length,500.0
175992,episode/return,nan
175992,episode/length,500.0
175993,episode/return,nan
175993,episode/length,500.0
175994,episode/return,nan
175994,episode/length,500.0
175995,episode/return,nan
175995,episode/length,500.0
175996,episode/return,nan
175996,episode/length,500.0
175997,episode/return,nan
175997,episode/length,500.0
175998,episode/return,nan
175998,episode/length,500.0
175999,episode/return,nan
175999,episode/length,500.0
179992,episode/return,nan
179992,episode/length,500.0
179993,episode/return,nan
179993,episode/length,500.0
179994,episode/return,nan
179994,episode/length,500.0
179995,episode/return,nan
179995,episode/length,500.0
179996,episode/return,nan
179996,episode/length,500.0
179997,episode/return,nan
179997,episode/length,500.0
179998,episode/return,nan
179998,episode/length,500.0
179999,episode/return,nan
179999,episode/length,500.0
180000,train/consistency_loss_mean,nan
180000,train/consistency_loss_std,nan
180000,train/continue_loss_mean,0.0
180000,train/continue_loss_std,0.0
180000,train/grad_norm_mean,nan
180000,train/grad_norm_std,nan
180000,train/policy_log_std_mean,nan
180000,train/policy_log_std_std,nan
180000,train/policy_loss_mean,nan
180000,train/policy_loss_std,nan
180000,train/reward_loss_mean,nan
180000,train/reward_loss_std,nan
180000,train/total_loss_mean,nan
180000,train/total_loss_std,nan
180000,train/value_loss_mean,nan
180000,train/value_loss_std,nan
180000,train/value_scale_mean,nan
180000,train/value_scale_std,nan
180000,timing/collect_chunk_s,99.12275395635515
180000,timing/train_chunk_s,19.875700721517205
180000,dense_rhs/training_bucket_horizon,3.0
180000,system/heartbeat,1.0
183992,episode/return,nan
183992,episode/length,500.0
183993,episode/return,nan
183993,episode/length,500.0
183994,episode/return,nan
183994,episode/length,500.0
183995,episode/return,nan
183995,episode/length,500.0
183996,episode/return,nan
183996,episode/length,500.0
183997,episode/return,nan
183997,episode/length,500.0
183998,episode/return,nan
183998,episode/length,500.0
183999,episode/return,nan
183999,episode/length,500.0
187992,episode/return,nan
187992,episode/length,500.0
187993,episode/return,nan
187993,episode/length,500.0
187994,episode/return,nan
187994,episode/length,500.0
187995,episode/return,nan
187995,episode/length,500.0
187996,episode/return,nan
187996,episode/length,500.0
187997,episode/return,nan
187997,episode/length,500.0
187998,episode/return,nan
187998,episode/length,500.0
187999,episode/return,nan
187999,episode/length,500.0
190000,train/consistency_loss_mean,nan
190000,train/consistency_loss_std,nan
190000,train/continue_loss_mean,0.0
190000,train/continue_loss_std,0.0
190000,train/grad_norm_mean,nan
190000,train/grad_norm_std,nan
190000,train/policy_log_std_mean,nan
190000,train/policy_log_std_std,nan
190000,train/policy_loss_mean,nan
190000,train/policy_loss_std,nan
190000,train/reward_loss_mean,nan
190000,train/reward_loss_std,nan
190000,train/total_loss_mean,nan
190000,train/total_loss_std,nan
190000,train/value_loss_mean,nan
190000,train/value_loss_std,nan
190000,train/value_scale_mean,nan
190000,train/value_scale_std,nan
190000,timing/collect_chunk_s,93.48935528844595
190000,timing/train_chunk_s,19.91784763149917
190000,dense_rhs/training_bucket_horizon,3.0
190000,system/heartbeat,1.0
191992,episode/return,nan
191992,episode/length,500.0
191993,episode/return,nan
191993,episode/length,500.0
191994,episode/return,nan
191994,episode/length,500.0
191995,episode/return,nan
191995,episode/length,500.0
191996,episode/return,nan
191996,episode/length,500.0
191997,episode/return,nan
191997,episode/length,500.0
191998,episode/return,nan
191998,episode/length,500.0
191999,episode/return,nan
191999,episode/length,500.0
195992,episode/return,nan
195992,episode/length,500.0
195993,episode/return,nan
195993,episode/length,500.0
195994,episode/return,nan
195994,episode/length,500.0
195995,episode/return,nan
195995,episode/length,500.0
195996,episode/return,nan
195996,episode/length,500.0
195997,episode/return,nan
195997,episode/length,500.0
195998,episode/return,nan
195998,episode/length,500.0
195999,episode/return,nan
195999,episode/length,500.0
199992,episode/return,nan
199992,episode/length,500.0
199993,episode/return,nan
199993,episode/length,500.0
199994,episode/return,nan
199994,episode/length,500.0
199995,episode/return,nan
199995,episode/length,500.0
199996,episode/return,nan
199996,episode/length,500.0
199997,episode/return,nan
199997,episode/length,500.0
199998,episode/return,nan
199998,episode/length,500.0
199999,episode/return,nan
199999,episode/length,500.0
200000,train/consistency_loss_mean,nan
200000,train/consistency_loss_std,nan
200000,train/continue_loss_mean,0.0
200000,train/continue_loss_std,0.0
200000,train/grad_norm_mean,nan
200000,train/grad_norm_std,nan
200000,train/policy_log_std_mean,nan
200000,train/policy_log_std_std,nan
200000,train/policy_loss_mean,nan
200000,train/policy_loss_std,nan
200000,train/reward_loss_mean,nan
200000,train/reward_loss_std,nan
200000,train/total_loss_mean,nan
200000,train/total_loss_std,nan
200000,train/value_loss_mean,nan
200000,train/value_loss_std,nan
200000,train/value_scale_mean,nan
200000,train/value_scale_std,nan
200000,timing/collect_chunk_s,97.44530272902921
200000,timing/train_chunk_s,19.92522154841572
200000,dense_rhs/training_bucket_horizon,3.0
200000,system/heartbeat,1.0
200000,timing/checkpoint_blocking_s,0.3161584991030395
200000,eval/return_mean,nan
200000,eval/return_std,nan
200000,eval/return_max,nan
200000,eval/return_min,nan
200000,timing/eval_s,8.775378251913935
200000,eval/selected_horizon,3.0
200000,eval/training_bucket_horizon,3.0
200000,system/heartbeat,1.0
203992,episode/return,nan
203992,episode/length,500.0
203993,episode/return,nan
203993,episode/length,500.0
203994,episode/return,nan
203994,episode/length,500.0
203995,episode/return,nan
203995,episode/length,500.0
203996,episode/return,nan
203996,episode/length,500.0
203997,episode/return,nan
203997,episode/length,500.0
203998,episode/return,nan
203998,episode/length,500.0
203999,episode/return,nan
203999,episode/length,500.0
207992,episode/return,nan
207992,episode/length,500.0
207993,episode/return,nan
207993,episode/length,500.0
207994,episode/return,nan
207994,episode/length,500.0
207995,episode/return,nan
207995,episode/length,500.0
207996,episode/return,nan
207996,episode/length,500.0
207997,episode/return,nan
207997,episode/length,500.0
207998,episode/return,nan
207998,episode/length,500.0
207999,episode/return,nan
207999,episode/length,500.0
210000,train/consistency_loss_mean,nan
210000,train/consistency_loss_std,nan
210000,train/continue_loss_mean,0.0
210000,train/continue_loss_std,0.0
210000,train/grad_norm_mean,nan
210000,train/grad_norm_std,nan
210000,train/policy_log_std_mean,nan
210000,train/policy_log_std_std,nan
210000,train/policy_loss_mean,nan
210000,train/policy_loss_std,nan
210000,train/reward_loss_mean,nan
210000,train/reward_loss_std,nan
210000,train/total_loss_mean,nan
210000,train/total_loss_std,nan
210000,train/value_loss_mean,nan
210000,train/value_loss_std,nan
210000,train/value_scale_mean,nan
210000,train/value_scale_std,nan
210000,timing/collect_chunk_s,92.06555187702179
210000,timing/train_chunk_s,19.89065028121695
210000,dense_rhs/training_bucket_horizon,3.0
210000,system/heartbeat,1.0
211992,episode/return,nan
211992,episode/length,500.0
211993,episode/return,nan
211993,episode/length,500.0
211994,episode/return,nan
211994,episode/length,500.0
211995,episode/return,nan
211995,episode/length,500.0
211996,episode/return,nan
211996,episode/length,500.0
211997,episode/return,nan
211997,episode/length,500.0
211998,episode/return,nan
211998,episode/length,500.0
211999,episode/return,nan
211999,episode/length,500.0
215992,episode/return,nan
215992,episode/length,500.0
215993,episode/return,nan
215993,episode/length,500.0
215994,episode/return,nan
215994,episode/length,500.0
215995,episode/return,nan
215995,episode/length,500.0
215996,episode/return,nan
215996,episode/length,500.0
215997,episode/return,nan
215997,episode/length,500.0
215998,episode/return,nan
215998,episode/length,500.0
215999,episode/return,nan
215999,episode/length,500.0
219992,episode/return,nan
219992,episode/length,500.0
219993,episode/return,nan
219993,episode/length,500.0
219994,episode/return,nan
219994,episode/length,500.0
219995,episode/return,nan
219995,episode/length,500.0
219996,episode/return,nan
219996,episode/length,500.0
219997,episode/return,nan
219997,episode/length,500.0
219998,episode/return,nan
219998,episode/length,500.0
219999,episode/return,nan
219999,episode/length,500.0
220000,train/consistency_loss_mean,nan
220000,train/consistency_loss_std,nan
220000,train/continue_loss_mean,0.0
220000,train/continue_loss_std,0.0
220000,train/grad_norm_mean,nan
220000,train/grad_norm_std,nan
220000,train/policy_log_std_mean,nan
220000,train/policy_log_std_std,nan
220000,train/policy_loss_mean,nan
220000,train/policy_loss_std,nan
220000,train/reward_loss_mean,nan
220000,train/reward_loss_std,nan
220000,train/total_loss_mean,nan
220000,train/total_loss_std,nan
220000,train/value_loss_mean,nan
220000,train/value_loss_std,nan
220000,train/value_scale_mean,nan
220000,train/value_scale_std,nan
220000,timing/collect_chunk_s,96.32797025609761
220000,timing/train_chunk_s,19.905828225426376
220000,dense_rhs/training_bucket_horizon,3.0
220000,system/heartbeat,1.0
223992,episode/return,nan
223992,episode/length,500.0
223993,episode/return,nan
223993,episode/length,500.0
223994,episode/return,nan
223994,episode/length,500.0
223995,episode/return,nan
223995,episode/length,500.0
223996,episode/return,nan
223996,episode/length,500.0
223997,episode/return,nan
223997,episode/length,500.0
223998,episode/return,nan
223998,episode/length,500.0
223999,episode/return,nan
223999,episode/length,500.0
227992,episode/return,nan
227992,episode/length,500.0
227993,episode/return,nan
227993,episode/length,500.0
227994,episode/return,nan
227994,episode/length,500.0
227995,episode/return,nan
227995,episode/length,500.0
227996,episode/return,nan
227996,episode/length,500.0
227997,episode/return,nan
227997,episode/length,500.0
227998,episode/return,nan
227998,episode/length,500.0
227999,episode/return,nan
227999,episode/length,500.0
230000,train/consistency_loss_mean,nan
230000,train/consistency_loss_std,nan
230000,train/continue_loss_mean,0.0
230000,train/continue_loss_std,0.0
230000,train/grad_norm_mean,nan
230000,train/grad_norm_std,nan
230000,train/policy_log_std_mean,nan
230000,train/policy_log_std_std,nan
230000,train/policy_loss_mean,nan
230000,train/policy_loss_std,nan
230000,train/reward_loss_mean,nan
230000,train/reward_loss_std,nan
230000,train/total_loss_mean,nan
230000,train/total_loss_std,nan
230000,train/value_loss_mean,nan
230000,train/value_loss_std,nan
230000,train/value_scale_mean,nan
230000,train/value_scale_std,nan
230000,timing/collect_chunk_s,91.79319134913385
230000,timing/train_chunk_s,19.89060134999454
230000,dense_rhs/training_bucket_horizon,3.0
230000,system/heartbeat,1.0
231992,episode/return,nan
231992,episode/length,500.0
231993,episode/return,nan
231993,episode/length,500.0
231994,episode/return,nan
231994,episode/length,500.0
231995,episode/return,nan
231995,episode/length,500.0
231996,episode/return,nan
231996,episode/length,500.0
231997,episode/return,nan
231997,episode/length,500.0
231998,episode/return,nan
231998,episode/length,500.0
231999,episode/return,nan
231999,episode/length,500.0
235992,episode/return,nan
235992,episode/length,500.0
235993,episode/return,nan
235993,episode/length,500.0
235994,episode/return,nan
235994,episode/length,500.0
235995,episode/return,nan
235995,episode/length,500.0
235996,episode/return,nan
235996,episode/length,500.0
235997,episode/return,nan
235997,episode/length,500.0
235998,episode/return,nan
235998,episode/length,500.0
235999,episode/return,nan
235999,episode/length,500.0
239992,episode/return,nan
239992,episode/length,500.0
239993,episode/return,nan
239993,episode/length,500.0
239994,episode/return,nan
239994,episode/length,500.0
239995,episode/return,nan
239995,episode/length,500.0
239996,episode/return,nan
239996,episode/length,500.0
239997,episode/return,nan
239997,episode/length,500.0
239998,episode/return,nan
239998,episode/length,500.0
239999,episode/return,nan
239999,episode/length,500.0
240000,train/consistency_loss_mean,nan
240000,train/consistency_loss_std,nan
240000,train/continue_loss_mean,0.0
240000,train/continue_loss_std,0.0
240000,train/grad_norm_mean,nan
240000,train/grad_norm_std,nan
240000,train/policy_log_std_mean,nan
240000,train/policy_log_std_std,nan
240000,train/policy_loss_mean,nan
240000,train/policy_loss_std,nan
240000,train/reward_loss_mean,nan
240000,train/reward_loss_std,nan
240000,train/total_loss_mean,nan
240000,train/total_loss_std,nan
240000,train/value_loss_mean,nan
240000,train/value_loss_std,nan
240000,train/value_scale_mean,nan
240000,train/value_scale_std,nan
240000,timing/collect_chunk_s,96.81667999876663
240000,timing/train_chunk_s,19.876589447259903
240000,dense_rhs/training_bucket_horizon,3.0
240000,system/heartbeat,1.0
243992,episode/return,nan
243992,episode/length,500.0
243993,episode/return,nan
243993,episode/length,500.0
243994,episode/return,nan
243994,episode/length,500.0
243995,episode/return,nan
243995,episode/length,500.0
243996,episode/return,nan
243996,episode/length,500.0
243997,episode/return,nan
243997,episode/length,500.0
243998,episode/return,nan
243998,episode/length,500.0
243999,episode/return,nan
243999,episode/length,500.0
247992,episode/return,nan
247992,episode/length,500.0
247993,episode/return,nan
247993,episode/length,500.0
247994,episode/return,nan
247994,episode/length,500.0
247995,episode/return,nan
247995,episode/length,500.0
247996,episode/return,nan
247996,episode/length,500.0
247997,episode/return,nan
247997,episode/length,500.0
247998,episode/return,nan
247998,episode/length,500.0
247999,episode/return,nan
247999,episode/length,500.0
250000,train/consistency_loss_mean,nan
250000,train/consistency_loss_std,nan
250000,train/continue_loss_mean,0.0
250000,train/continue_loss_std,0.0
250000,train/grad_norm_mean,nan
250000,train/grad_norm_std,nan
250000,train/policy_log_std_mean,nan
250000,train/policy_log_std_std,nan
250000,train/policy_loss_mean,nan
250000,train/policy_loss_std,nan
250000,train/reward_loss_mean,nan
250000,train/reward_loss_std,nan
250000,train/total_loss_mean,nan
250000,train/total_loss_std,nan
250000,train/value_loss_mean,nan
250000,train/value_loss_std,nan
250000,train/value_scale_mean,nan
250000,train/value_scale_std,nan
250000,timing/collect_chunk_s,92.00549336569384
250000,timing/train_chunk_s,19.8736578556709
250000,dense_rhs/training_bucket_horizon,3.0
250000,system/heartbeat,1.0
250000,timing/checkpoint_blocking_s,0.3288786639459431
250000,eval/return_mean,nan
250000,eval/return_std,nan
250000,eval/return_max,nan
250000,eval/return_min,nan
250000,timing/eval_s,8.750877761747688
250000,eval/selected_horizon,3.0
250000,eval/training_bucket_horizon,3.0
250000,system/heartbeat,1.0
251992,episode/return,nan
251992,episode/length,500.0
251993,episode/return,nan
251993,episode/length,500.0
251994,episode/return,nan
251994,episode/length,500.0
251995,episode/return,nan
251995,episode/length,500.0
251996,episode/return,nan
251996,episode/length,500.0
251997,episode/return,nan
251997,episode/length,500.0
251998,episode/return,nan
251998,episode/length,500.0
251999,episode/return,nan
251999,episode/length,500.0
255992,episode/return,nan
255992,episode/length,500.0
255993,episode/return,nan
255993,episode/length,500.0
255994,episode/return,nan
255994,episode/length,500.0
255995,episode/return,nan
255995,episode/length,500.0
255996,episode/return,nan
255996,episode/length,500.0
255997,episode/return,nan
255997,episode/length,500.0
255998,episode/return,nan
255998,episode/length,500.0
255999,episode/return,nan
255999,episode/length,500.0
259992,episode/return,nan
259992,episode/length,500.0
259993,episode/return,nan
259993,episode/length,500.0
259994,episode/return,nan
259994,episode/length,500.0
259995,episode/return,nan
259995,episode/length,500.0
259996,episode/return,nan
259996,episode/length,500.0
259997,episode/return,nan
259997,episode/length,500.0
259998,episode/return,nan
259998,episode/length,500.0
259999,episode/return,nan
259999,episode/length,500.0
260000,train/consistency_loss_mean,nan
260000,train/consistency_loss_std,nan
260000,train/continue_loss_mean,0.0
260000,train/continue_loss_std,0.0
260000,train/grad_norm_mean,nan
260000,train/grad_norm_std,nan
260000,train/policy_log_std_mean,nan
260000,train/policy_log_std_std,nan
260000,train/policy_loss_mean,nan
260000,train/policy_loss_std,nan
260000,train/reward_loss_mean,nan
260000,train/reward_loss_std,nan
260000,train/total_loss_mean,nan
260000,train/total_loss_std,nan
260000,train/value_loss_mean,nan
260000,train/value_loss_std,nan
260000,train/value_scale_mean,nan
260000,train/value_scale_std,nan
260000,timing/collect_chunk_s,94.78781922534108
260000,timing/train_chunk_s,19.870477804448456
260000,dense_rhs/training_bucket_horizon,3.0
260000,system/heartbeat,1.0
263992,episode/return,nan
263992,episode/length,500.0
263993,episode/return,nan
263993,episode/length,500.0
263994,episode/return,nan
263994,episode/length,500.0
263995,episode/return,nan
263995,episode/length,500.0
263996,episode/return,nan
263996,episode/length,500.0
263997,episode/return,nan
263997,episode/length,500.0
263998,episode/return,nan
263998,episode/length,500.0
263999,episode/return,nan
263999,episode/length,500.0
267992,episode/return,nan
267992,episode/length,500.0
267993,episode/return,nan
267993,episode/length,500.0
267994,episode/return,nan
267994,episode/length,500.0
267995,episode/return,nan
267995,episode/length,500.0
267996,episode/return,nan
267996,episode/length,500.0
267997,episode/return,nan
267997,episode/length,500.0
267998,episode/return,nan
267998,episode/length,500.0
267999,episode/return,nan
267999,episode/length,500.0
270000,train/consistency_loss_mean,nan
270000,train/consistency_loss_std,nan
270000,train/continue_loss_mean,0.0
270000,train/continue_loss_std,0.0
270000,train/grad_norm_mean,nan
270000,train/grad_norm_std,nan
270000,train/policy_log_std_mean,nan
270000,train/policy_log_std_std,nan
270000,train/policy_loss_mean,nan
270000,train/policy_loss_std,nan
270000,train/reward_loss_mean,nan
270000,train/reward_loss_std,nan
270000,train/total_loss_mean,nan
270000,train/total_loss_std,nan
270000,train/value_loss_mean,nan
270000,train/value_loss_std,nan
270000,train/value_scale_mean,nan
270000,train/value_scale_std,nan
270000,timing/collect_chunk_s,96.02720208885148
270000,timing/train_chunk_s,19.857197586447
270000,dense_rhs/training_bucket_horizon,3.0
270000,system/heartbeat,1.0
271992,episode/return,nan
271992,episode/length,500.0
271993,episode/return,nan
271993,episode/length,500.0
271994,episode/return,nan
271994,episode/length,500.0
271995,episode/return,nan
271995,episode/length,500.0
271996,episode/return,nan
271996,episode/length,500.0
271997,episode/return,nan
271997,episode/length,500.0
271998,episode/return,nan
271998,episode/length,500.0
271999,episode/return,nan
271999,episode/length,500.0
275992,episode/return,nan
275992,episode/length,500.0
275993,episode/return,nan
275993,episode/length,500.0
275994,episode/return,nan
275994,episode/length,500.0
275995,episode/return,nan
275995,episode/length,500.0
275996,episode/return,nan
275996,episode/length,500.0
275997,episode/return,nan
275997,episode/length,500.0
275998,episode/return,nan
275998,episode/length,500.0
275999,episode/return,nan
275999,episode/length,500.0
279992,episode/return,nan
279992,episode/length,500.0
279993,episode/return,nan
279993,episode/length,500.0
279994,episode/return,nan
279994,episode/length,500.0
279995,episode/return,nan
279995,episode/length,500.0
279996,episode/return,nan
279996,episode/length,500.0
279997,episode/return,nan
279997,episode/length,500.0
279998,episode/return,nan
279998,episode/length,500.0
279999,episode/return,nan
279999,episode/length,500.0
280000,train/consistency_loss_mean,nan
280000,train/consistency_loss_std,nan
280000,train/continue_loss_mean,0.0
280000,train/continue_loss_std,0.0
280000,train/grad_norm_mean,nan
280000,train/grad_norm_std,nan
280000,train/policy_log_std_mean,nan
280000,train/policy_log_std_std,nan
280000,train/policy_loss_mean,nan
280000,train/policy_loss_std,nan
280000,train/reward_loss_mean,nan
280000,train/reward_loss_std,nan
280000,train/total_loss_mean,nan
280000,train/total_loss_std,nan
280000,train/value_loss_mean,nan
280000,train/value_loss_std,nan
280000,train/value_scale_mean,nan
280000,train/value_scale_std,nan
280000,timing/collect_chunk_s,91.02019072044641
280000,timing/train_chunk_s,19.814951785840094
280000,dense_rhs/training_bucket_horizon,3.0
280000,system/heartbeat,1.0
283992,episode/return,nan
283992,episode/length,500.0
283993,episode/return,nan
283993,episode/length,500.0
283994,episode/return,nan
283994,episode/length,500.0
283995,episode/return,nan
283995,episode/length,500.0
283996,episode/return,nan
283996,episode/length,500.0
283997,episode/return,nan
283997,episode/length,500.0
283998,episode/return,nan
283998,episode/length,500.0
283999,episode/return,nan
283999,episode/length,500.0
287992,episode/return,nan
287992,episode/length,500.0
287993,episode/return,nan
287993,episode/length,500.0
287994,episode/return,nan
287994,episode/length,500.0
287995,episode/return,nan
287995,episode/length,500.0
287996,episode/return,nan
287996,episode/length,500.0
287997,episode/return,nan
287997,episode/length,500.0
287998,episode/return,nan
287998,episode/length,500.0
287999,episode/return,nan
287999,episode/length,500.0
290000,train/consistency_loss_mean,nan
290000,train/consistency_loss_std,nan
290000,train/continue_loss_mean,0.0
290000,train/continue_loss_std,0.0
290000,train/grad_norm_mean,nan
290000,train/grad_norm_std,nan
290000,train/policy_log_std_mean,nan
290000,train/policy_log_std_std,nan
290000,train/policy_loss_mean,nan
290000,train/policy_loss_std,nan
290000,train/reward_loss_mean,nan
290000,train/reward_loss_std,nan
290000,train/total_loss_mean,nan
290000,train/total_loss_std,nan
290000,train/value_loss_mean,nan
290000,train/value_loss_std,nan
290000,train/value_scale_mean,nan
290000,train/value_scale_std,nan
290000,timing/collect_chunk_s,94.28751488868147
290000,timing/train_chunk_s,19.857252816669643
290000,dense_rhs/training_bucket_horizon,3.0
290000,system/heartbeat,1.0
291992,episode/return,nan
291992,episode/length,500.0
291993,episode/return,nan
291993,episode/length,500.0
291994,episode/return,nan
291994,episode/length,500.0
291995,episode/return,nan
291995,episode/length,500.0
291996,episode/return,nan
291996,episode/length,500.0
291997,episode/return,nan
291997,episode/length,500.0
291998,episode/return,nan
291998,episode/length,500.0
291999,episode/return,nan
291999,episode/length,500.0
295992,episode/return,nan
295992,episode/length,500.0
295993,episode/return,nan
295993,episode/length,500.0
295994,episode/return,nan
295994,episode/length,500.0
295995,episode/return,nan
295995,episode/length,500.0
295996,episode/return,nan
295996,episode/length,500.0
295997,episode/return,nan
295997,episode/length,500.0
295998,episode/return,nan
295998,episode/length,500.0
295999,episode/return,nan
295999,episode/length,500.0
299992,episode/return,nan
299992,episode/length,500.0
299993,episode/return,nan
299993,episode/length,500.0
299994,episode/return,nan
299994,episode/length,500.0
299995,episode/return,nan
299995,episode/length,500.0
299996,episode/return,nan
299996,episode/length,500.0
299997,episode/return,nan
299997,episode/length,500.0
299998,episode/return,nan
299998,episode/length,500.0
299999,episode/return,nan
299999,episode/length,500.0
300000,train/consistency_loss_mean,nan
300000,train/consistency_loss_std,nan
300000,train/continue_loss_mean,0.0
300000,train/continue_loss_std,0.0
300000,train/grad_norm_mean,nan
300000,train/grad_norm_std,nan
300000,train/policy_log_std_mean,nan
300000,train/policy_log_std_std,nan
300000,train/policy_loss_mean,nan
300000,train/policy_loss_std,nan
300000,train/reward_loss_mean,nan
300000,train/reward_loss_std,nan
300000,train/total_loss_mean,nan
300000,train/total_loss_std,nan
300000,train/value_loss_mean,nan
300000,train/value_loss_std,nan
300000,train/value_scale_mean,nan
300000,train/value_scale_std,nan
300000,timing/collect_chunk_s,99.01460598222911
300000,timing/train_chunk_s,19.879502874799073
300000,dense_rhs/training_bucket_horizon,3.0
300000,system/heartbeat,1.0
300000,timing/checkpoint_blocking_s,0.3393247099593282
300000,eval/return_mean,nan
300000,eval/return_std,nan
300000,eval/return_max,nan
300000,eval/return_min,nan
300000,timing/eval_s,8.769007325172424
300000,eval/selected_horizon,3.0
300000,eval/training_bucket_horizon,3.0
300000,system/heartbeat,1.0
303992,episode/return,nan
303992,episode/length,500.0
303993,episode/return,nan
303993,episode/length,500.0
303994,episode/return,nan
303994,episode/length,500.0
303995,episode/return,nan
303995,episode/length,500.0
303996,episode/return,nan
303996,episode/length,500.0
303997,episode/return,nan
303997,episode/length,500.0
303998,episode/return,nan
303998,episode/length,500.0
303999,episode/return,nan
303999,episode/length,500.0
307992,episode/return,nan
307992,episode/length,500.0
307993,episode/return,nan
307993,episode/length,500.0
307994,episode/return,nan
307994,episode/length,500.0
307995,episode/return,nan
307995,episode/length,500.0
307996,episode/return,nan
307996,episode/length,500.0
307997,episode/return,nan
307997,episode/length,500.0
307998,episode/return,nan
307998,episode/length,500.0
307999,episode/return,nan
307999,episode/length,500.0
310000,train/consistency_loss_mean,nan
310000,train/consistency_loss_std,nan
310000,train/continue_loss_mean,0.0
310000,train/continue_loss_std,0.0
310000,train/grad_norm_mean,nan
310000,train/grad_norm_std,nan
310000,train/policy_log_std_mean,nan
310000,train/policy_log_std_std,nan
310000,train/policy_loss_mean,nan
310000,train/policy_loss_std,nan
310000,train/reward_loss_mean,nan
310000,train/reward_loss_std,nan
310000,train/total_loss_mean,nan
310000,train/total_loss_std,nan
310000,train/value_loss_mean,nan
310000,train/value_loss_std,nan
310000,train/value_scale_mean,nan
310000,train/value_scale_std,nan
310000,timing/collect_chunk_s,93.13889170298353
310000,timing/train_chunk_s,19.84414104791358
310000,dense_rhs/training_bucket_horizon,3.0
310000,system/heartbeat,1.0
311992,episode/return,nan
311992,episode/length,500.0
311993,episode/return,nan
311993,episode/length,500.0
311994,episode/return,nan
311994,episode/length,500.0
311995,episode/return,nan
311995,episode/length,500.0
311996,episode/return,nan
311996,episode/length,500.0
311997,episode/return,nan
311997,episode/length,500.0
311998,episode/return,nan
311998,episode/length,500.0
311999,episode/return,nan
311999,episode/length,500.0
315992,episode/return,nan
315992,episode/length,500.0
315993,episode/return,nan
315993,episode/length,500.0
315994,episode/return,nan
315994,episode/length,500.0
315995,episode/return,nan
315995,episode/length,500.0
315996,episode/return,nan
315996,episode/length,500.0
315997,episode/return,nan
315997,episode/length,500.0
315998,episode/return,nan
315998,episode/length,500.0
315999,episode/return,nan
315999,episode/length,500.0
319992,episode/return,nan
319992,episode/length,500.0
319993,episode/return,nan
319993,episode/length,500.0
319994,episode/return,nan
319994,episode/length,500.0
319995,episode/return,nan
319995,episode/length,500.0
319996,episode/return,nan
319996,episode/length,500.0
319997,episode/return,nan
319997,episode/length,500.0
319998,episode/return,nan
319998,episode/length,500.0
319999,episode/return,nan
319999,episode/length,500.0
320000,train/consistency_loss_mean,nan
320000,train/consistency_loss_std,nan
320000,train/continue_loss_mean,0.0
320000,train/continue_loss_std,0.0
320000,train/grad_norm_mean,nan
320000,train/grad_norm_std,nan
320000,train/policy_log_std_mean,nan
320000,train/policy_log_std_std,nan
320000,train/policy_loss_mean,nan
320000,train/policy_loss_std,nan
320000,train/reward_loss_mean,nan
320000,train/reward_loss_std,nan
320000,train/total_loss_mean,nan
320000,train/total_loss_std,nan
320000,train/value_loss_mean,nan
320000,train/value_loss_std,nan
320000,train/value_scale_mean,nan
320000,train/value_scale_std,nan
320000,timing/collect_chunk_s,99.98396164784208
320000,timing/train_chunk_s,19.851260137278587
320000,dense_rhs/training_bucket_horizon,3.0
320000,system/heartbeat,1.0
323992,episode/return,nan
323992,episode/length,500.0
323993,episode/return,nan
323993,episode/length,500.0
323994,episode/return,nan
323994,episode/length,500.0
323995,episode/return,nan
323995,episode/length,500.0
323996,episode/return,nan
323996,episode/length,500.0
323997,episode/return,nan
323997,episode/length,500.0
323998,episode/return,nan
323998,episode/length,500.0
323999,episode/return,nan
323999,episode/length,500.0
327992,episode/return,nan
327992,episode/length,500.0
327993,episode/return,nan
327993,episode/length,500.0
327994,episode/return,nan
327994,episode/length,500.0
327995,episode/return,nan
327995,episode/length,500.0
327996,episode/return,nan
327996,episode/length,500.0
327997,episode/return,nan
327997,episode/length,500.0
327998,episode/return,nan
327998,episode/length,500.0
327999,episode/return,nan
327999,episode/length,500.0
330000,train/consistency_loss_mean,nan
330000,train/consistency_loss_std,nan
330000,train/continue_loss_mean,0.0
330000,train/continue_loss_std,0.0
330000,train/grad_norm_mean,nan
330000,train/grad_norm_std,nan
330000,train/policy_log_std_mean,nan
330000,train/policy_log_std_std,nan
330000,train/policy_loss_mean,nan
330000,train/policy_loss_std,nan
330000,train/reward_loss_mean,nan
330000,train/reward_loss_std,nan
330000,train/total_loss_mean,nan
330000,train/total_loss_std,nan
330000,train/value_loss_mean,nan
330000,train/value_loss_std,nan
330000,train/value_scale_mean,nan
330000,train/value_scale_std,nan
330000,timing/collect_chunk_s,93.02480149641633
330000,timing/train_chunk_s,19.88855379773304
330000,dense_rhs/training_bucket_horizon,3.0
330000,system/heartbeat,1.0
331992,episode/return,nan
331992,episode/length,500.0
331993,episode/return,nan
331993,episode/length,500.0
331994,episode/return,nan
331994,episode/length,500.0
331995,episode/return,nan
331995,episode/length,500.0
331996,episode/return,nan
331996,episode/length,500.0
331997,episode/return,nan
331997,episode/length,500.0
331998,episode/return,nan
331998,episode/length,500.0
331999,episode/return,nan
331999,episode/length,500.0
335992,episode/return,nan
335992,episode/length,500.0
335993,episode/return,nan
335993,episode/length,500.0
335994,episode/return,nan
335994,episode/length,500.0
335995,episode/return,nan
335995,episode/length,500.0
335996,episode/return,nan
335996,episode/length,500.0
335997,episode/return,nan
335997,episode/length,500.0
335998,episode/return,nan
335998,episode/length,500.0
335999,episode/return,nan
335999,episode/length,500.0
339992,episode/return,nan
339992,episode/length,500.0
339993,episode/return,nan
339993,episode/length,500.0
339994,episode/return,nan
339994,episode/length,500.0
339995,episode/return,nan
339995,episode/length,500.0
339996,episode/return,nan
339996,episode/length,500.0
339997,episode/return,nan
339997,episode/length,500.0
339998,episode/return,nan
339998,episode/length,500.0
339999,episode/return,nan
339999,episode/length,500.0
340000,train/consistency_loss_mean,nan
340000,train/consistency_loss_std,nan
340000,train/continue_loss_mean,0.0
340000,train/continue_loss_std,0.0
340000,train/grad_norm_mean,nan
340000,train/grad_norm_std,nan
340000,train/policy_log_std_mean,nan
340000,train/policy_log_std_std,nan
340000,train/policy_loss_mean,nan
340000,train/policy_loss_std,nan
340000,train/reward_loss_mean,nan
340000,train/reward_loss_std,nan
340000,train/total_loss_mean,nan
340000,train/total_loss_std,nan
340000,train/value_loss_mean,nan
340000,train/value_loss_std,nan
340000,train/value_scale_mean,nan
340000,train/value_scale_std,nan
340000,timing/collect_chunk_s,92.97698324359953
340000,timing/train_chunk_s,19.91095798369497
340000,dense_rhs/training_bucket_horizon,3.0
340000,system/heartbeat,1.0
343992,episode/return,nan
343992,episode/length,500.0
343993,episode/return,nan
343993,episode/length,500.0
343994,episode/return,nan
343994,episode/length,500.0
343995,episode/return,nan
343995,episode/length,500.0
343996,episode/return,nan
343996,episode/length,500.0
343997,episode/return,nan
343997,episode/length,500.0
343998,episode/return,nan
343998,episode/length,500.0
343999,episode/return,nan
343999,episode/length,500.0
347992,episode/return,nan
347992,episode/length,500.0
347993,episode/return,nan
347993,episode/length,500.0
347994,episode/return,nan
347994,episode/length,500.0
347995,episode/return,nan
347995,episode/length,500.0
347996,episode/return,nan
347996,episode/length,500.0
347997,episode/return,nan
347997,episode/length,500.0
347998,episode/return,nan
347998,episode/length,500.0
347999,episode/return,nan
347999,episode/length,500.0
350000,train/consistency_loss_mean,nan
350000,train/consistency_loss_std,nan
350000,train/continue_loss_mean,0.0
350000,train/continue_loss_std,0.0
350000,train/grad_norm_mean,nan
350000,train/grad_norm_std,nan
350000,train/policy_log_std_mean,nan
350000,train/policy_log_std_std,nan
350000,train/policy_loss_mean,nan
350000,train/policy_loss_std,nan
350000,train/reward_loss_mean,nan
350000,train/reward_loss_std,nan
350000,train/total_loss_mean,nan
350000,train/total_loss_std,nan
350000,train/value_loss_mean,nan
350000,train/value_loss_std,nan
350000,train/value_scale_mean,nan
350000,train/value_scale_std,nan
350000,timing/collect_chunk_s,92.85357343358919
350000,timing/train_chunk_s,19.851552926469594
350000,dense_rhs/training_bucket_horizon,3.0
350000,system/heartbeat,1.0
350000,timing/checkpoint_blocking_s,0.31959510035812855
350000,eval/return_mean,nan
350000,eval/return_std,nan
350000,eval/return_max,nan
350000,eval/return_min,nan
350000,timing/eval_s,8.770978153683245
350000,eval/selected_horizon,3.0
350000,eval/training_bucket_horizon,3.0
350000,system/heartbeat,1.0
351992,episode/return,nan
351992,episode/length,500.0
351993,episode/return,nan
351993,episode/length,500.0
351994,episode/return,nan
351994,episode/length,500.0
351995,episode/return,nan
351995,episode/length,500.0
351996,episode/return,nan
351996,episode/length,500.0
351997,episode/return,nan
351997,episode/length,500.0
351998,episode/return,nan
351998,episode/length,500.0
351999,episode/return,nan
351999,episode/length,500.0
355992,episode/return,nan
355992,episode/length,500.0
355993,episode/return,nan
355993,episode/length,500.0
355994,episode/return,nan
355994,episode/length,500.0
355995,episode/return,nan
355995,episode/length,500.0
355996,episode/return,nan
355996,episode/length,500.0
355997,episode/return,nan
355997,episode/length,500.0
355998,episode/return,nan
355998,episode/length,500.0
355999,episode/return,nan
355999,episode/length,500.0
359992,episode/return,nan
359992,episode/length,500.0
359993,episode/return,nan
359993,episode/length,500.0
359994,episode/return,nan
359994,episode/length,500.0
359995,episode/return,nan
359995,episode/length,500.0
359996,episode/return,nan
359996,episode/length,500.0
359997,episode/return,nan
359997,episode/length,500.0
359998,episode/return,nan
359998,episode/length,500.0
359999,episode/return,nan
359999,episode/length,500.0
360000,train/consistency_loss_mean,nan
360000,train/consistency_loss_std,nan
360000,train/continue_loss_mean,0.0
360000,train/continue_loss_std,0.0
360000,train/grad_norm_mean,nan
360000,train/grad_norm_std,nan
360000,train/policy_log_std_mean,nan
360000,train/policy_log_std_std,nan
360000,train/policy_loss_mean,nan
360000,train/policy_loss_std,nan
360000,train/reward_loss_mean,nan
360000,train/reward_loss_std,nan
360000,train/total_loss_mean,nan
360000,train/total_loss_std,nan
360000,train/value_loss_mean,nan
360000,train/value_loss_std,nan
360000,train/value_scale_mean,nan
360000,train/value_scale_std,nan
360000,timing/collect_chunk_s,99.43049200624228
360000,timing/train_chunk_s,19.86546128662303
360000,dense_rhs/training_bucket_horizon,3.0
360000,system/heartbeat,1.0
363992,episode/return,nan
363992,episode/length,500.0
363993,episode/return,nan
363993,episode/length,500.0
363994,episode/return,nan
363994,episode/length,500.0
363995,episode/return,nan
363995,episode/length,500.0
363996,episode/return,nan
363996,episode/length,500.0
363997,episode/return,nan
363997,episode/length,500.0
363998,episode/return,nan
363998,episode/length,500.0
363999,episode/return,nan
363999,episode/length,500.0
367992,episode/return,nan
367992,episode/length,500.0
367993,episode/return,nan
367993,episode/length,500.0
367994,episode/return,nan
367994,episode/length,500.0
367995,episode/return,nan
367995,episode/length,500.0
367996,episode/return,nan
367996,episode/length,500.0
367997,episode/return,nan
367997,episode/length,500.0
367998,episode/return,nan
367998,episode/length,500.0
367999,episode/return,nan
367999,episode/length,500.0
370000,train/consistency_loss_mean,nan
370000,train/consistency_loss_std,nan
370000,train/continue_loss_mean,0.0
370000,train/continue_loss_std,0.0
370000,train/grad_norm_mean,nan
370000,train/grad_norm_std,nan
370000,train/policy_log_std_mean,nan
370000,train/policy_log_std_std,nan
370000,train/policy_loss_mean,nan
370000,train/policy_loss_std,nan
370000,train/reward_loss_mean,nan
370000,train/reward_loss_std,nan
370000,train/total_loss_mean,nan
370000,train/total_loss_std,nan
370000,train/value_loss_mean,nan
370000,train/value_loss_std,nan
370000,train/value_scale_mean,nan
370000,train/value_scale_std,nan
370000,timing/collect_chunk_s,92.38639700366184
370000,timing/train_chunk_s,19.83667699759826
370000,dense_rhs/training_bucket_horizon,3.0
370000,system/heartbeat,1.0
371992,episode/return,nan
371992,episode/length,500.0
371993,episode/return,nan
371993,episode/length,500.0
371994,episode/return,nan
371994,episode/length,500.0
371995,episode/return,nan
371995,episode/length,500.0
371996,episode/return,nan
371996,episode/length,500.0
371997,episode/return,nan
371997,episode/length,500.0
371998,episode/return,nan
371998,episode/length,500.0
371999,episode/return,nan
371999,episode/length,500.0
375992,episode/return,nan
375992,episode/length,500.0
375993,episode/return,nan
375993,episode/length,500.0
375994,episode/return,nan
375994,episode/length,500.0
375995,episode/return,nan
375995,episode/length,500.0
375996,episode/return,nan
375996,episode/length,500.0
375997,episode/return,nan
375997,episode/length,500.0
375998,episode/return,nan
375998,episode/length,500.0
375999,episode/return,nan
375999,episode/length,500.0
379992,episode/return,nan
379992,episode/length,500.0
379993,episode/return,nan
379993,episode/length,500.0
379994,episode/return,nan
379994,episode/length,500.0
379995,episode/return,nan
379995,episode/length,500.0
379996,episode/return,nan
379996,episode/length,500.0
379997,episode/return,nan
379997,episode/length,500.0
379998,episode/return,nan
379998,episode/length,500.0
379999,episode/return,nan
379999,episode/length,500.0
380000,train/consistency_loss_mean,nan
380000,train/consistency_loss_std,nan
380000,train/continue_loss_mean,0.0
380000,train/continue_loss_std,0.0
380000,train/grad_norm_mean,nan
380000,train/grad_norm_std,nan
380000,train/policy_log_std_mean,nan
380000,train/policy_log_std_std,nan
380000,train/policy_loss_mean,nan
380000,train/policy_loss_std,nan
380000,train/reward_loss_mean,nan
380000,train/reward_loss_std,nan
380000,train/total_loss_mean,nan
380000,train/total_loss_std,nan
380000,train/value_loss_mean,nan
380000,train/value_loss_std,nan
380000,train/value_scale_mean,nan
380000,train/value_scale_std,nan
380000,timing/collect_chunk_s,93.10234339907765
380000,timing/train_chunk_s,19.86782385595143
380000,dense_rhs/training_bucket_horizon,3.0
380000,system/heartbeat,1.0
383992,episode/return,nan
383992,episode/length,500.0
383993,episode/return,nan
383993,episode/length,500.0
383994,episode/return,nan
383994,episode/length,500.0
383995,episode/return,nan
383995,episode/length,500.0
383996,episode/return,nan
383996,episode/length,500.0
383997,episode/return,nan
383997,episode/length,500.0
383998,episode/return,nan
383998,episode/length,500.0
383999,episode/return,nan
383999,episode/length,500.0
387992,episode/return,nan
387992,episode/length,500.0
387993,episode/return,nan
387993,episode/length,500.0
387994,episode/return,nan
387994,episode/length,500.0
387995,episode/return,nan
387995,episode/length,500.0
387996,episode/return,nan
387996,episode/length,500.0
387997,episode/return,nan
387997,episode/length,500.0
387998,episode/return,nan
387998,episode/length,500.0
387999,episode/return,nan
387999,episode/length,500.0
390000,train/consistency_loss_mean,nan
390000,train/consistency_loss_std,nan
390000,train/continue_loss_mean,0.0
390000,train/continue_loss_std,0.0
390000,train/grad_norm_mean,nan
390000,train/grad_norm_std,nan
390000,train/policy_log_std_mean,nan
390000,train/policy_log_std_std,nan
390000,train/policy_loss_mean,nan
390000,train/policy_loss_std,nan
390000,train/reward_loss_mean,nan
390000,train/reward_loss_std,nan
390000,train/total_loss_mean,nan
390000,train/total_loss_std,nan
390000,train/value_loss_mean,nan
390000,train/value_loss_std,nan
390000,train/value_scale_mean,nan
390000,train/value_scale_std,nan
390000,timing/collect_chunk_s,99.46776870731264
390000,timing/train_chunk_s,19.87858928134665
390000,dense_rhs/training_bucket_horizon,3.0
390000,system/heartbeat,1.0
391992,episode/return,nan
391992,episode/length,500.0
391993,episode/return,nan
391993,episode/length,500.0
391994,episode/return,nan
391994,episode/length,500.0
391995,episode/return,nan
391995,episode/length,500.0
391996,episode/return,nan
391996,episode/length,500.0
391997,episode/return,nan
391997,episode/length,500.0
391998,episode/return,nan
391998,episode/length,500.0
391999,episode/return,nan
391999,episode/length,500.0
395992,episode/return,nan
395992,episode/length,500.0
395993,episode/return,nan
395993,episode/length,500.0
395994,episode/return,nan
395994,episode/length,500.0
395995,episode/return,nan
395995,episode/length,500.0
395996,episode/return,nan
395996,episode/length,500.0
395997,episode/return,nan
395997,episode/length,500.0
395998,episode/return,nan
395998,episode/length,500.0
395999,episode/return,nan
395999,episode/length,500.0
399992,episode/return,nan
399992,episode/length,500.0
399993,episode/return,nan
399993,episode/length,500.0
399994,episode/return,nan
399994,episode/length,500.0
399995,episode/return,nan
399995,episode/length,500.0
399996,episode/return,nan
399996,episode/length,500.0
399997,episode/return,nan
399997,episode/length,500.0
399998,episode/return,nan
399998,episode/length,500.0
399999,episode/return,nan
399999,episode/length,500.0
400000,train/consistency_loss_mean,nan
400000,train/consistency_loss_std,nan
400000,train/continue_loss_mean,0.0
400000,train/continue_loss_std,0.0
400000,train/grad_norm_mean,nan
400000,train/grad_norm_std,nan
400000,train/policy_log_std_mean,nan
400000,train/policy_log_std_std,nan
400000,train/policy_loss_mean,nan
400000,train/policy_loss_std,nan
400000,train/reward_loss_mean,nan
400000,train/reward_loss_std,nan
400000,train/total_loss_mean,nan
400000,train/total_loss_std,nan
400000,train/value_loss_mean,nan
400000,train/value_loss_std,nan
400000,train/value_scale_mean,nan
400000,train/value_scale_std,nan
400000,timing/collect_chunk_s,92.2166303456761
400000,timing/train_chunk_s,19.84582740487531
400000,dense_rhs/training_bucket_horizon,3.0
400000,system/heartbeat,1.0
400000,timing/checkpoint_blocking_s,0.3384299259632826
400000,eval/return_mean,nan
400000,eval/return_std,nan
400000,eval/return_max,nan
400000,eval/return_min,nan
400000,timing/eval_s,8.773307465016842
400000,eval/selected_horizon,3.0
400000,eval/training_bucket_horizon,3.0
400000,system/heartbeat,1.0
403992,episode/return,nan
403992,episode/length,500.0
403993,episode/return,nan
403993,episode/length,500.0
403994,episode/return,nan
403994,episode/length,500.0
403995,episode/return,nan
403995,episode/length,500.0
403996,episode/return,nan
403996,episode/length,500.0
403997,episode/return,nan
403997,episode/length,500.0
403998,episode/return,nan
403998,episode/length,500.0
403999,episode/return,nan
403999,episode/length,500.0
407992,episode/return,nan
407992,episode/length,500.0
407993,episode/return,nan
407993,episode/length,500.0
407994,episode/return,nan
407994,episode/length,500.0
407995,episode/return,nan
407995,episode/length,500.0
407996,episode/return,nan
407996,episode/length,500.0
407997,episode/return,nan
407997,episode/length,500.0
407998,episode/return,nan
407998,episode/length,500.0
407999,episode/return,nan
407999,episode/length,500.0
410000,train/consistency_loss_mean,nan
410000,train/consistency_loss_std,nan
410000,train/continue_loss_mean,0.0
410000,train/continue_loss_std,0.0
410000,train/grad_norm_mean,nan
410000,train/grad_norm_std,nan
410000,train/policy_log_std_mean,nan
410000,train/policy_log_std_std,nan
410000,train/policy_loss_mean,nan
410000,train/policy_loss_std,nan
410000,train/reward_loss_mean,nan
410000,train/reward_loss_std,nan
410000,train/total_loss_mean,nan
410000,train/total_loss_std,nan
410000,train/value_loss_mean,nan
410000,train/value_loss_std,nan
410000,train/value_scale_mean,nan
410000,train/value_scale_std,nan
410000,timing/collect_chunk_s,93.10292886989191
410000,timing/train_chunk_s,19.86482705362141
410000,dense_rhs/training_bucket_horizon,3.0
410000,system/heartbeat,1.0
411992,episode/return,nan
411992,episode/length,500.0
411993,episode/return,nan
411993,episode/length,500.0
411994,episode/return,nan
411994,episode/length,500.0
411995,episode/return,nan
411995,episode/length,500.0
411996,episode/return,nan
411996,episode/length,500.0
411997,episode/return,nan
411997,episode/length,500.0
411998,episode/return,nan
411998,episode/length,500.0
411999,episode/return,nan
411999,episode/length,500.0
415992,episode/return,nan
415992,episode/length,500.0
415993,episode/return,nan
415993,episode/length,500.0
415994,episode/return,nan
415994,episode/length,500.0
415995,episode/return,nan
415995,episode/length,500.0
415996,episode/return,nan
415996,episode/length,500.0
415997,episode/return,nan
415997,episode/length,500.0
415998,episode/return,nan
415998,episode/length,500.0
415999,episode/return,nan
415999,episode/length,500.0
419992,episode/return,nan
419992,episode/length,500.0
419993,episode/return,nan
419993,episode/length,500.0
419994,episode/return,nan
419994,episode/length,500.0
419995,episode/return,nan
419995,episode/length,500.0
419996,episode/return,nan
419996,episode/length,500.0
419997,episode/return,nan
419997,episode/length,500.0
419998,episode/return,nan
419998,episode/length,500.0
419999,episode/return,nan
419999,episode/length,500.0
420000,train/consistency_loss_mean,nan
420000,train/consistency_loss_std,nan
420000,train/continue_loss_mean,0.0
420000,train/continue_loss_std,0.0
420000,train/grad_norm_mean,nan
420000,train/grad_norm_std,nan
420000,train/policy_log_std_mean,nan
420000,train/policy_log_std_std,nan
420000,train/policy_loss_mean,nan
420000,train/policy_loss_std,nan
420000,train/reward_loss_mean,nan
420000,train/reward_loss_std,nan
420000,train/total_loss_mean,nan
420000,train/total_loss_std,nan
420000,train/value_loss_mean,nan
420000,train/value_loss_std,nan
420000,train/value_scale_mean,nan
420000,train/value_scale_std,nan
420000,timing/collect_chunk_s,93.41547357197851
420000,timing/train_chunk_s,19.9105462199077
420000,dense_rhs/training_bucket_horizon,3.0
420000,system/heartbeat,1.0
423992,episode/return,nan
423992,episode/length,500.0
423993,episode/return,nan
423993,episode/length,500.0
423994,episode/return,nan
423994,episode/length,500.0
423995,episode/return,nan
423995,episode/length,500.0
423996,episode/return,nan
423996,episode/length,500.0
423997,episode/return,nan
423997,episode/length,500.0
423998,episode/return,nan
423998,episode/length,500.0
423999,episode/return,nan
423999,episode/length,500.0
427992,episode/return,nan
427992,episode/length,500.0
427993,episode/return,nan
427993,episode/length,500.0
427994,episode/return,nan
427994,episode/length,500.0
427995,episode/return,nan
427995,episode/length,500.0
427996,episode/return,nan
427996,episode/length,500.0
427997,episode/return,nan
427997,episode/length,500.0
427998,episode/return,nan
427998,episode/length,500.0
427999,episode/return,nan
427999,episode/length,500.0
430000,train/consistency_loss_mean,nan
430000,train/consistency_loss_std,nan
430000,train/continue_loss_mean,0.0
430000,train/continue_loss_std,0.0
430000,train/grad_norm_mean,nan
430000,train/grad_norm_std,nan
430000,train/policy_log_std_mean,nan
430000,train/policy_log_std_std,nan
430000,train/policy_loss_mean,nan
430000,train/policy_loss_std,nan
430000,train/reward_loss_mean,nan
430000,train/reward_loss_std,nan
430000,train/total_loss_mean,nan
430000,train/total_loss_std,nan
430000,train/value_loss_mean,nan
430000,train/value_loss_std,nan
430000,train/value_scale_mean,nan
430000,train/value_scale_std,nan
430000,timing/collect_chunk_s,101.27564115356654
430000,timing/train_chunk_s,19.88670266373083
430000,dense_rhs/training_bucket_horizon,3.0
430000,system/heartbeat,1.0
431992,episode/return,nan
431992,episode/length,500.0
431993,episode/return,nan
431993,episode/length,500.0
431994,episode/return,nan
431994,episode/length,500.0
431995,episode/return,nan
431995,episode/length,500.0
431996,episode/return,nan
431996,episode/length,500.0
431997,episode/return,nan
431997,episode/length,500.0
431998,episode/return,nan
431998,episode/length,500.0
431999,episode/return,nan
431999,episode/length,500.0
435992,episode/return,nan
435992,episode/length,500.0
435993,episode/return,nan
435993,episode/length,500.0
435994,episode/return,nan
435994,episode/length,500.0
435995,episode/return,nan
435995,episode/length,500.0
435996,episode/return,nan
435996,episode/length,500.0
435997,episode/return,nan
435997,episode/length,500.0
435998,episode/return,nan
435998,episode/length,500.0
435999,episode/return,nan
435999,episode/length,500.0
439992,episode/return,nan
439992,episode/length,500.0
439993,episode/return,nan
439993,episode/length,500.0
439994,episode/return,nan
439994,episode/length,500.0
439995,episode/return,nan
439995,episode/length,500.0
439996,episode/return,nan
439996,episode/length,500.0
439997,episode/return,nan
439997,episode/length,500.0
439998,episode/return,nan
439998,episode/length,500.0
439999,episode/return,nan
439999,episode/length,500.0
440000,train/consistency_loss_mean,nan
440000,train/consistency_loss_std,nan
440000,train/continue_loss_mean,0.0
440000,train/continue_loss_std,0.0
440000,train/grad_norm_mean,nan
440000,train/grad_norm_std,nan
440000,train/policy_log_std_mean,nan
440000,train/policy_log_std_std,nan
440000,train/policy_loss_mean,nan
440000,train/policy_loss_std,nan
440000,train/reward_loss_mean,nan
440000,train/reward_loss_std,nan
440000,train/total_loss_mean,nan
440000,train/total_loss_std,nan
440000,train/value_loss_mean,nan
440000,train/value_loss_std,nan
440000,train/value_scale_mean,nan
440000,train/value_scale_std,nan
440000,timing/collect_chunk_s,93.65955920284614
440000,timing/train_chunk_s,19.907870970200747
440000,dense_rhs/training_bucket_horizon,3.0
440000,system/heartbeat,1.0
443992,episode/return,nan
443992,episode/length,500.0
443993,episode/return,nan
443993,episode/length,500.0
443994,episode/return,nan
443994,episode/length,500.0
443995,episode/return,nan
443995,episode/length,500.0
443996,episode/return,nan
443996,episode/length,500.0
443997,episode/return,nan
443997,episode/length,500.0
443998,episode/return,nan
443998,episode/length,500.0
443999,episode/return,nan
443999,episode/length,500.0
447992,episode/return,nan
447992,episode/length,500.0
447993,episode/return,nan
447993,episode/length,500.0
447994,episode/return,nan
447994,episode/length,500.0
447995,episode/return,nan
447995,episode/length,500.0
447996,episode/return,nan
447996,episode/length,500.0
447997,episode/return,nan
447997,episode/length,500.0
447998,episode/return,nan
447998,episode/length,500.0
447999,episode/return,nan
447999,episode/length,500.0
450000,train/consistency_loss_mean,nan
450000,train/consistency_loss_std,nan
450000,train/continue_loss_mean,0.0
450000,train/continue_loss_std,0.0
450000,train/grad_norm_mean,nan
450000,train/grad_norm_std,nan
450000,train/policy_log_std_mean,nan
450000,train/policy_log_std_std,nan
450000,train/policy_loss_mean,nan
450000,train/policy_loss_std,nan
450000,train/reward_loss_mean,nan
450000,train/reward_loss_std,nan
450000,train/total_loss_mean,nan
450000,train/total_loss_std,nan
450000,train/value_loss_mean,nan
450000,train/value_loss_std,nan
450000,train/value_scale_mean,nan
450000,train/value_scale_std,nan
450000,timing/collect_chunk_s,94.64848174806684
450000,timing/train_chunk_s,19.898847315926105
450000,dense_rhs/training_bucket_horizon,3.0
450000,system/heartbeat,1.0
450000,timing/checkpoint_blocking_s,0.32652288395911455
450000,eval/return_mean,nan
450000,eval/return_std,nan
450000,eval/return_max,nan
450000,eval/return_min,nan
450000,timing/eval_s,8.777232702821493
450000,eval/selected_horizon,3.0
450000,eval/training_bucket_horizon,3.0
450000,system/heartbeat,1.0
451992,episode/return,nan
451992,episode/length,500.0
451993,episode/return,nan
451993,episode/length,500.0
451994,episode/return,nan
451994,episode/length,500.0
451995,episode/return,nan
451995,episode/length,500.0
451996,episode/return,nan
451996,episode/length,500.0
451997,episode/return,nan
451997,episode/length,500.0
451998,episode/return,nan
451998,episode/length,500.0
451999,episode/return,nan
451999,episode/length,500.0
455992,episode/return,nan
455992,episode/length,500.0
455993,episode/return,nan
455993,episode/length,500.0
455994,episode/return,nan
455994,episode/length,500.0
455995,episode/return,nan
455995,episode/length,500.0
455996,episode/return,nan
455996,episode/length,500.0
455997,episode/return,nan
455997,episode/length,500.0
455998,episode/return,nan
455998,episode/length,500.0
455999,episode/return,nan
455999,episode/length,500.0
459992,episode/return,nan
459992,episode/length,500.0
459993,episode/return,nan
459993,episode/length,500.0
459994,episode/return,nan
459994,episode/length,500.0
459995,episode/return,nan
459995,episode/length,500.0
459996,episode/return,nan
459996,episode/length,500.0
459997,episode/return,nan
459997,episode/length,500.0
459998,episode/return,nan
459998,episode/length,500.0
459999,episode/return,nan
459999,episode/length,500.0
460000,train/consistency_loss_mean,nan
460000,train/consistency_loss_std,nan
460000,train/continue_loss_mean,0.0
460000,train/continue_loss_std,0.0
460000,train/grad_norm_mean,nan
460000,train/grad_norm_std,nan
460000,train/policy_log_std_mean,nan
460000,train/policy_log_std_std,nan
460000,train/policy_loss_mean,nan
460000,train/policy_loss_std,nan
460000,train/reward_loss_mean,nan
460000,train/reward_loss_std,nan
460000,train/total_loss_mean,nan
460000,train/total_loss_std,nan
460000,train/value_loss_mean,nan
460000,train/value_loss_std,nan
460000,train/value_scale_mean,nan
460000,train/value_scale_std,nan
460000,timing/collect_chunk_s,102.43428554013371
460000,timing/train_chunk_s,19.916365531738847
460000,dense_rhs/training_bucket_horizon,3.0
460000,system/heartbeat,1.0
463992,episode/return,nan
463992,episode/length,500.0
463993,episode/return,nan
463993,episode/length,500.0
463994,episode/return,nan
463994,episode/length,500.0
463995,episode/return,nan
463995,episode/length,500.0
463996,episode/return,nan
463996,episode/length,500.0
463997,episode/return,nan
463997,episode/length,500.0
463998,episode/return,nan
463998,episode/length,500.0
463999,episode/return,nan
463999,episode/length,500.0
467992,episode/return,nan
467992,episode/length,500.0
467993,episode/return,nan
467993,episode/length,500.0
467994,episode/return,nan
467994,episode/length,500.0
467995,episode/return,nan
467995,episode/length,500.0
467996,episode/return,nan
467996,episode/length,500.0
467997,episode/return,nan
467997,episode/length,500.0
467998,episode/return,nan
467998,episode/length,500.0
467999,episode/return,nan
467999,episode/length,500.0
470000,train/consistency_loss_mean,nan
470000,train/consistency_loss_std,nan
470000,train/continue_loss_mean,0.0
470000,train/continue_loss_std,0.0
470000,train/grad_norm_mean,nan
470000,train/grad_norm_std,nan
470000,train/policy_log_std_mean,nan
470000,train/policy_log_std_std,nan
470000,train/policy_loss_mean,nan
470000,train/policy_loss_std,nan
470000,train/reward_loss_mean,nan
470000,train/reward_loss_std,nan
470000,train/total_loss_mean,nan
470000,train/total_loss_std,nan
470000,train/value_loss_mean,nan
470000,train/value_loss_std,nan
470000,train/value_scale_mean,nan
470000,train/value_scale_std,nan
470000,timing/collect_chunk_s,93.77699080947787
470000,timing/train_chunk_s,19.903309654910117
470000,dense_rhs/training_bucket_horizon,3.0
470000,system/heartbeat,1.0
471992,episode/return,nan
471992,episode/length,500.0
471993,episode/return,nan
471993,episode/length,500.0
471994,episode/return,nan
471994,episode/length,500.0
471995,episode/return,nan
471995,episode/length,500.0
471996,episode/return,nan
471996,episode/length,500.0
471997,episode/return,nan
471997,episode/length,500.0
471998,episode/return,nan
471998,episode/length,500.0
471999,episode/return,nan
471999,episode/length,500.0
475992,episode/return,nan
475992,episode/length,500.0
475993,episode/return,nan
475993,episode/length,500.0
475994,episode/return,nan
475994,episode/length,500.0
475995,episode/return,nan
475995,episode/length,500.0
475996,episode/return,nan
475996,episode/length,500.0
475997,episode/return,nan
475997,episode/length,500.0
475998,episode/return,nan
475998,episode/length,500.0
475999,episode/return,nan
475999,episode/length,500.0
479992,episode/return,nan
479992,episode/length,500.0
479993,episode/return,nan
479993,episode/length,500.0
479994,episode/return,nan
479994,episode/length,500.0
479995,episode/return,nan
479995,episode/length,500.0
479996,episode/return,nan
479996,episode/length,500.0
479997,episode/return,nan
479997,episode/length,500.0
479998,episode/return,nan
479998,episode/length,500.0
479999,episode/return,nan
479999,episode/length,500.0
480000,train/consistency_loss_mean,nan
480000,train/consistency_loss_std,nan
480000,train/continue_loss_mean,0.0
480000,train/continue_loss_std,0.0
480000,train/grad_norm_mean,nan
480000,train/grad_norm_std,nan
480000,train/policy_log_std_mean,nan
480000,train/policy_log_std_std,nan
480000,train/policy_loss_mean,nan
480000,train/policy_loss_std,nan
480000,train/reward_loss_mean,nan
480000,train/reward_loss_std,nan
480000,train/total_loss_mean,nan
480000,train/total_loss_std,nan
480000,train/value_loss_mean,nan
480000,train/value_loss_std,nan
480000,train/value_scale_mean,nan
480000,train/value_scale_std,nan
480000,timing/collect_chunk_s,93.52476840419695
480000,timing/train_chunk_s,19.88652785588056
480000,dense_rhs/training_bucket_horizon,3.0
480000,system/heartbeat,1.0
483992,episode/return,nan
483992,episode/length,500.0
483993,episode/return,nan
483993,episode/length,500.0
483994,episode/return,nan
483994,episode/length,500.0
483995,episode/return,nan
483995,episode/length,500.0
483996,episode/return,nan
483996,episode/length,500.0
483997,episode/return,nan
483997,episode/length,500.0
483998,episode/return,nan
483998,episode/length,500.0
483999,episode/return,nan
483999,episode/length,500.0
487992,episode/return,nan
487992,episode/length,500.0
487993,episode/return,nan
487993,episode/length,500.0
487994,episode/return,nan
487994,episode/length,500.0
487995,episode/return,nan
487995,episode/length,500.0
487996,episode/return,nan
487996,episode/length,500.0
487997,episode/return,nan
487997,episode/length,500.0
487998,episode/return,nan
487998,episode/length,500.0
487999,episode/return,nan
487999,episode/length,500.0
490000,train/consistency_loss_mean,nan
490000,train/consistency_loss_std,nan
490000,train/continue_loss_mean,0.0
490000,train/continue_loss_std,0.0
490000,train/grad_norm_mean,nan
490000,train/grad_norm_std,nan
490000,train/policy_log_std_mean,nan
490000,train/policy_log_std_std,nan
490000,train/policy_loss_mean,nan
490000,train/policy_loss_std,nan
490000,train/reward_loss_mean,nan
490000,train/reward_loss_std,nan
490000,train/total_loss_mean,nan
490000,train/total_loss_std,nan
490000,train/value_loss_mean,nan
490000,train/value_loss_std,nan
490000,train/value_scale_mean,nan
490000,train/value_scale_std,nan
490000,timing/collect_chunk_s,93.61662128567696
490000,timing/train_chunk_s,19.88421669602394
490000,dense_rhs/training_bucket_horizon,3.0
490000,system/heartbeat,1.0
491992,episode/return,nan
491992,episode/length,500.0
491993,episode/return,nan
491993,episode/length,500.0
491994,episode/return,nan
491994,episode/length,500.0
491995,episode/return,nan
491995,episode/length,500.0
491996,episode/return,nan
491996,episode/length,500.0
491997,episode/return,nan
491997,episode/length,500.0
491998,episode/return,nan
491998,episode/length,500.0
491999,episode/return,nan
491999,episode/length,500.0
495992,episode/return,nan
495992,episode/length,500.0
495993,episode/return,nan
495993,episode/length,500.0
495994,episode/return,nan
495994,episode/length,500.0
495995,episode/return,nan
495995,episode/length,500.0
495996,episode/return,nan
495996,episode/length,500.0
495997,episode/return,nan
495997,episode/length,500.0
495998,episode/return,nan
495998,episode/length,500.0
495999,episode/return,nan
495999,episode/length,500.0
499992,episode/return,nan
499992,episode/length,500.0
499993,episode/return,nan
499993,episode/length,500.0
499994,episode/return,nan
499994,episode/length,500.0
499995,episode/return,nan
499995,episode/length,500.0
499996,episode/return,nan
499996,episode/length,500.0
499997,episode/return,nan
499997,episode/length,500.0
499998,episode/return,nan
499998,episode/length,500.0
499999,episode/return,nan
499999,episode/length,500.0
500000,train/consistency_loss_mean,nan
500000,train/consistency_loss_std,nan
500000,train/continue_loss_mean,0.0
500000,train/continue_loss_std,0.0
500000,train/grad_norm_mean,nan
500000,train/grad_norm_std,nan
500000,train/policy_log_std_mean,nan
500000,train/policy_log_std_std,nan
500000,train/policy_loss_mean,nan
500000,train/policy_loss_std,nan
500000,train/reward_loss_mean,nan
500000,train/reward_loss_std,nan
500000,train/total_loss_mean,nan
500000,train/total_loss_std,nan
500000,train/value_loss_mean,nan
500000,train/value_loss_std,nan
500000,train/value_scale_mean,nan
500000,train/value_scale_std,nan
500000,timing/collect_chunk_s,102.44697862723842
500000,timing/train_chunk_s,19.939901146106422
500000,dense_rhs/training_bucket_horizon,3.0
500000,system/heartbeat,1.0
500000,timing/checkpoint_blocking_s,0.3358468599617481
500000,eval/return_mean,nan
500000,eval/return_std,nan
500000,eval/return_max,nan
500000,eval/return_min,nan
500000,timing/eval_s,8.753685286734253
500000,eval/selected_horizon,3.0
500000,eval/training_bucket_horizon,3.0
500000,system/heartbeat,1.0
