env_id,regime,method,seed,auc,final_score,wall_hours
cartpole-swingup,chaos,adaptive_rhs,1,754.421,816.386,2.0417
cartpole-swingup,chaos,adaptive_rhs,15,734.349,860.571,2.1781
cartpole-swingup,chaos,adaptive_rhs,7,758.454,861.539,2.1478
cartpole-swingup,chaos,paper_horizon,1,733.879,814.092,1.7642
cartpole-swingup,chaos,paper_horizon,15,741.734,859.191,1.8119
cartpole-swingup,chaos,paper_horizon,7,747.974,856.469,1.7828
cartpole-swingup,clean,adaptive_rhs,1,776.283,864.924,1.9489
cartpole-swingup,clean,adaptive_rhs,15,788.372,879.807,1.8614
cartpole-swingup,clean,adaptive_rhs,7,776.177,882.384,1.6233
cartpole-swingup,clean,paper_horizon,1,786.937,882.118,1.3750
cartpole-swingup,clean,paper_horizon,15,776.273,864.486,1.3714
cartpole-swingup,clean,paper_horizon,7,786.9,878.423,1.3653
cheetah-run,chaos,adaptive_rhs,1,368.066,501.057,2.3636
cheetah-run,chaos,adaptive_rhs,15,383.493,540.944,2.1908
cheetah-run,chaos,adaptive_rhs,7,394.674,595.944,2.1036
cheetah-run,chaos,paper_horizon,1,358.815,354.477,1.9397
cheetah-run,chaos,paper_horizon,15,382.698,528.19,1.9486
cheetah-run,chaos,paper_horizon,7,408.989,515.359,1.9381
cheetah-run,clean,adaptive_rhs,1,767.994,946.552,1.6178
cheetah-run,clean,adaptive_rhs,15,795.478,905.613,1.6339
cheetah-run,clean,adaptive_rhs,7,803.889,942.65,1.6353
cheetah-run,clean,paper_horizon,1,754.592,926.154,1.5064
cheetah-run,clean,paper_horizon,15,739.845,850.736,1.4961
cheetah-run,clean,paper_horizon,7,751.138,943.961,1.5033
finger-turn_hard,chaos,adaptive_rhs,1,490.72,448.7,2.0511
finger-turn_hard,chaos,adaptive_rhs,15,537.01,753.45,2.0622
finger-turn_hard,chaos,adaptive_rhs,7,503.427,838.75,2.2081
finger-turn_hard,chaos,paper_horizon,1,391.775,651,1.9503
finger-turn_hard,chaos,paper_horizon,15,500.502,510.1,1.9692
finger-turn_hard,chaos,paper_horizon,7,566.825,580.45,1.9353
finger-turn_hard,clean,adaptive_rhs,1,678.745,918.8,1.6567
finger-turn_hard,clean,adaptive_rhs,15,796.12,928.9,1.6033
finger-turn_hard,clean,adaptive_rhs,7,688.348,916.95,1.6036
finger-turn_hard,clean,paper_horizon,1,656.963,772.7,1.4947
finger-turn_hard,clean,paper_horizon,15,776.485,884.6,1.4978
finger-turn_hard,clean,paper_horizon,7,722.615,818.2,1.5031
fish-swim,clean,adaptive_rhs,1,495.523,658.269,1.5214
fish-swim,clean,adaptive_rhs,15,486.653,543.236,1.5189
fish-swim,clean,adaptive_rhs,7,496.249,674.227,1.5108
fish-swim,clean,paper_horizon,1,483.139,648.558,1.4044
fish-swim,clean,paper_horizon,15,534.269,645.431,1.3894
fish-swim,clean,paper_horizon,7,488.844,723.557,1.4208
hopper-hop,chaos,adaptive_rhs,1,186.392,278.097,2.4625
hopper-hop,chaos,adaptive_rhs,15,95.6936,138.971,2.5467
hopper-hop,chaos,adaptive_rhs,7,111.789,159.09,2.5819
hopper-hop,chaos,paper_horizon,1,125.374,166.819,2.1450
hopper-hop,chaos,paper_horizon,15,82.5975,158.23,2.1658
hopper-hop,chaos,paper_horizon,7,185.452,292.399,2.1378
hopper-hop,clean,adaptive_rhs,1,360.487,570.146,1.8286
hopper-hop,clean,adaptive_rhs,15,335.303,357.923,1.8725
hopper-hop,clean,adaptive_rhs,7,343.55,469.663,1.8572
hopper-hop,clean,paper_horizon,1,324.83,542.805,1.7208
hopper-hop,clean,paper_horizon,15,316.304,559.276,1.7308
hopper-hop,clean,paper_horizon,7,406.824,514.885,1.7144
quadruped-run,chaos,adaptive_rhs,1,493.421,732.885,2.6400
quadruped-run,chaos,adaptive_rhs,15,498.7,810.007,2.5639
quadruped-run,chaos,adaptive_rhs,7,477.902,722.116,2.5597
quadruped-run,chaos,paper_horizon,1,474.717,660.833,2.4253
quadruped-run,chaos,paper_horizon,15,496.834,576.135,2.4244
quadruped-run,chaos,paper_horizon,7,461.67,807.768,2.4144
quadruped-run,clean,adaptive_rhs,1,689.827,913.604,2.1294
quadruped-run,clean,adaptive_rhs,15,717.101,923.768,2.2486
quadruped-run,clean,adaptive_rhs,7,589.781,839.896,2.0992
quadruped-run,clean,paper_horizon,1,684.146,881.836,1.9267
quadruped-run,clean,paper_horizon,15,613.893,910.955,1.9872
quadruped-run,clean,paper_horizon,7,671.915,879.293,1.9550
fish-swim,clean,mjx_gate_tiny_clean,23,,,0.0103
fish-swim,chaos,mjx_gate_tiny_actuator_only,23,,,0.0117
fish-swim,chaos,mjx_gate_tiny_obs_noise_only,23,,,0.0108
fish-swim,chaos,mjx_gate_tiny_delay_jitter,23,,,0.0108
fish-swim,chaos,mjx_gate_tiny_wind_only,23,,,0.0108
quadruped-run,clean,paper_horizon,23,747.372,911.906,1.9794
quadruped-run,clean,adaptive_rhs,23,685.383,940.555,2.1258
quadruped-run,chaos,paper_horizon,23,184.176,592.633,2.1564
quadruped-run,chaos,adaptive_rhs,23,451.586,658.182,2.5339
cheetah-run,clean,paper_horizon,23,718.055,856.693,1.4894
cheetah-run,clean,adaptive_rhs,23,686.725,915.926,1.6861
cheetah-run,chaos,paper_horizon,23,366.505,578.725,1.9311
hopper-hop,clean,paper_horizon,23,424.854,527.738,1.7133
cheetah-run,chaos,adaptive_rhs,23,430.936,612.366,2.1997
hopper-hop,clean,adaptive_rhs,23,264.471,372.314,1.8192
hopper-hop,chaos,paper_horizon,23,72.2877,148.679,2.1692
finger-turn_hard,clean,paper_horizon,23,753.04,872.45,1.4978
finger-turn_hard,clean,adaptive_rhs,23,735.09,866.25,1.6672
hopper-hop,chaos,adaptive_rhs,23,126.268,197.094,2.4281
finger-turn_hard,chaos,paper_horizon,23,465.06,669,1.9536
cartpole-swingup,clean,paper_horizon,23,789.315,882.882,1.3725
finger-turn_hard,chaos,adaptive_rhs,23,527.963,839.45,2.0489
cartpole-swingup,clean,adaptive_rhs,23,776.535,867.124,1.7558
cartpole-swingup,chaos,paper_horizon,23,750.391,863.401,1.8217
acrobot-swingup,clean,paper_horizon,23,437.154,533.508,1.3353
cartpole-swingup,chaos,adaptive_rhs,23,746.202,848.869,1.9656
acrobot-swingup,clean,adaptive_rhs,23,479.181,545.501,1.5042
acrobot-swingup,chaos,paper_horizon,23,308.111,417.114,1.7658
acrobot-swingup,chaos,adaptive_rhs,23,298.639,338.845,1.9131
walker-run,clean,paper_horizon,23,744.371,857.394,2.3433
walker-run,clean,adaptive_rhs,23,740.939,848.001,2.6911
walker-run,chaos,paper_horizon,23,420.321,577.065,2.7644
walker-run,chaos,adaptive_rhs,23,440.951,622.352,3.1914
quadruped-run,clean,paper_horizon,31,709.766,922.892,1.9700
quadruped-run,clean,adaptive_rhs,31,664.865,918.438,2.1119
cheetah-run,clean,paper_horizon,31,718.858,932.158,1.5078
quadruped-run,chaos,paper_horizon,31,519.391,672.86,2.4494
quadruped-run,chaos,adaptive_rhs,31,500.572,676.259,2.6439
cheetah-run,clean,adaptive_rhs,31,757.119,934.833,1.6233
cheetah-run,chaos,paper_horizon,31,365.448,511.406,2.0214
cheetah-run,chaos,adaptive_rhs,31,373.989,343.822,2.2117
hopper-hop,clean,paper_horizon,31,252.971,583.709,1.6992
hopper-hop,clean,adaptive_rhs,31,408.89,614.467,1.9839
hopper-hop,chaos,paper_horizon,31,122.159,177.199,2.1847
finger-turn_hard,clean,paper_horizon,31,681.32,735.35,1.5267
hopper-hop,chaos,adaptive_rhs,31,115.988,171.029,2.6003
finger-turn_hard,clean,adaptive_rhs,31,685.34,777.2,1.7186
finger-turn_hard,chaos,paper_horizon,31,433.367,678.55,1.9875
cartpole-swingup,clean,paper_horizon,31,776.942,867.008,1.3897
finger-turn_hard,chaos,adaptive_rhs,31,471.575,747.5,2.1000
cartpole-swingup,clean,adaptive_rhs,31,787.85,878.87,1.7444
cartpole-swingup,chaos,paper_horizon,31,755.383,780.32,1.8392
acrobot-swingup,clean,paper_horizon,31,447.736,428.226,1.3575
cartpole-swingup,chaos,adaptive_rhs,31,740.085,776.335,2.4808
acrobot-swingup,clean,adaptive_rhs,31,512.161,642.531,1.4503
acrobot-swingup,chaos,paper_horizon,31,319.782,389.875,1.8011
acrobot-swingup,chaos,adaptive_rhs,31,308.639,407.137,2.1517
walker-run,clean,paper_horizon,31,745.246,849.675,2.3494
walker-run,clean,adaptive_rhs,31,745.059,853.634,2.6436
walker-run,chaos,paper_horizon,31,441.015,578.13,2.8128
quadruped-run,clean,paper_horizon,42,771.931,936.566,1.9936
walker-run,chaos,adaptive_rhs,31,435.079,554.966,2.9383
quadruped-run,clean,adaptive_rhs,42,713.413,916.308,2.2736
quadruped-run,chaos,paper_horizon,42,469.133,719.174,2.4519
cheetah-run,clean,paper_horizon,42,771.665,944.059,1.5369
quadruped-run,chaos,adaptive_rhs,42,449.509,644.03,2.5917
cheetah-run,clean,adaptive_rhs,42,786.903,932.274,1.7592
cheetah-run,chaos,paper_horizon,42,409.115,321.27,1.9978
cheetah-run,chaos,adaptive_rhs,42,393.975,369.869,2.2442
hopper-hop,clean,paper_horizon,42,244.343,355.446,1.7228
hopper-hop,clean,adaptive_rhs,42,420.802,536.892,1.8278
hopper-hop,chaos,paper_horizon,42,123.928,186.592,2.1319
hopper-hop,chaos,adaptive_rhs,42,112.933,177.286,2.4258
finger-turn_hard,clean,paper_horizon,42,772.81,951.2,1.4975
finger-turn_hard,clean,adaptive_rhs,42,706.06,893.1,1.5975
finger-turn_hard,chaos,paper_horizon,42,431.652,436.35,1.9411
finger-turn_hard,chaos,adaptive_rhs,42,507.715,640.7,2.0622
cartpole-swingup,clean,paper_horizon,42,771.878,865.494,1.3733
cartpole-swingup,clean,adaptive_rhs,42,771.353,867.302,1.8531
acrobot-swingup,clean,paper_horizon,42,507.626,629.118,1.3508
cartpole-swingup,chaos,paper_horizon,42,753.329,858.653,1.8439
cartpole-swingup,chaos,adaptive_rhs,42,754.249,857.246,2.1072
acrobot-swingup,clean,adaptive_rhs,42,488.231,684.391,1.5733
acrobot-swingup,chaos,paper_horizon,42,360.038,425.529,1.7914
acrobot-swingup,chaos,adaptive_rhs,42,359.812,457.103,2.1756
walker-run,clean,paper_horizon,42,745.426,855.137,2.3369
walker-run,clean,adaptive_rhs,42,742.334,849.568,2.6539
acrobot-swingup,clean,paper_horizon,15,443.86,572.393,1.3425
walker-run,chaos,paper_horizon,42,449.628,570.057,2.7578
acrobot-swingup,clean,adaptive_rhs,15,448.044,622.027,1.5500
walker-run,chaos,adaptive_rhs,42,439.373,602.345,3.2283
acrobot-swingup,chaos,paper_horizon,15,294.393,403.393,1.7925
acrobot-swingup,chaos,adaptive_rhs,15,247.779,338.506,1.9481
walker-run,clean,paper_horizon,15,738.913,850.586,2.3500
walker-run,clean,adaptive_rhs,15,743.432,842.174,2.7378
walker-run,chaos,paper_horizon,15,444.385,594.096,2.7667
acrobot-swingup,clean,paper_horizon,1,473.933,646.824,1.3503
walker-run,chaos,adaptive_rhs,15,450.861,602.725,2.9603
acrobot-swingup,clean,adaptive_rhs,1,460.829,570.029,1.4469
acrobot-swingup,chaos,paper_horizon,1,326.033,377.04,1.7864
acrobot-swingup,chaos,adaptive_rhs,1,351.749,400.372,2.3403
walker-run,clean,paper_horizon,1,741.842,852.51,2.3181
walker-run,clean,adaptive_rhs,1,740.862,852.145,2.5125
walker-run,chaos,paper_horizon,1,456.856,596.752,2.7739
walker-run,chaos,adaptive_rhs,1,475.484,605.954,3.0825
acrobot-swingup,clean,paper_horizon,7,476.088,639.878,1.3289
acrobot-swingup,clean,adaptive_rhs,7,483.236,687.182,1.5058
acrobot-swingup,chaos,paper_horizon,7,307.714,409.676,1.7731
acrobot-swingup,chaos,adaptive_rhs,7,302.974,488.057,2.1744
walker-run,clean,paper_horizon,7,738.053,850.496,2.3225
walker-run,clean,adaptive_rhs,7,738.679,837.79,2.8006
walker-run,chaos,paper_horizon,7,458.86,580.549,2.7792
walker-run,chaos,adaptive_rhs,7,455.354,631.268,3.0344
cup-catch,clean,paper_horizon,23,882.523,981.95,2.0492
cup-catch,clean,adaptive_rhs,23,882.08,981.2,2.2967
cup-catch,chaos,paper_horizon,23,688.922,763.3,2.2808
cup-catch,chaos,adaptive_rhs,23,698.87,723.25,3.0139
pendulum-swingup,clean,paper_horizon,23,737.19,850.95,1.2169
pendulum-swingup,clean,adaptive_rhs,23,725.972,850.65,1.4489
pendulum-swingup,chaos,paper_horizon,23,30.3,12.95,1.6533
reacher-hard,clean,paper_horizon,23,848.79,967.7,1.2669
reacher-hard,clean,adaptive_rhs,23,850.865,968.75,1.3589
pendulum-swingup,chaos,adaptive_rhs,23,14.3225,12.2,2.3039
reacher-hard,chaos,paper_horizon,23,5.41,0.15,3.1722
cup-catch,chaos,paper_horizon,23,688.922,763.3,2.4464
cup-catch,chaos,adaptive_rhs,23,698.87,723.25,2.5031
reacher-hard,chaos,adaptive_rhs,23,5.2525,0.1,3.4231
cup-catch,clean,paper_horizon,31,878.867,975.35,2.0236
cup-catch,clean,adaptive_rhs,31,879.005,975.75,2.6128
cup-catch,chaos,paper_horizon,31,709.787,774.85,2.3917
pendulum-swingup,clean,paper_horizon,31,0,0,1.2128
cup-catch,chaos,adaptive_rhs,31,691.143,779.1,2.5292
pendulum-swingup,clean,adaptive_rhs,31,715.258,837.5,1.3056
pendulum-swingup,chaos,paper_horizon,31,24.8675,8.1,1.6633
pendulum-swingup,chaos,adaptive_rhs,31,38.1325,13.7,2.0869
reacher-hard,clean,paper_horizon,31,831.448,922.45,1.2489
reacher-hard,clean,adaptive_rhs,31,851.367,974.8,1.4636
cup-catch,clean,paper_horizon,42,887.53,990.5,2.0217
reacher-hard,chaos,paper_horizon,31,0.17,0.1,3.1433
reacher-hard,chaos,adaptive_rhs,31,0.17,0.1,3.7464
cup-catch,clean,adaptive_rhs,42,885.515,989.85,2.3803
cup-catch,chaos,paper_horizon,42,717.307,865,2.3800
pendulum-swingup,clean,paper_horizon,42,759.298,860.65,1.1828
cup-catch,chaos,adaptive_rhs,42,712.565,711.6,3.0092
pendulum-swingup,clean,adaptive_rhs,42,757.24,852.3,1.4914
pendulum-swingup,chaos,paper_horizon,42,68.7075,50.7,1.5942
pendulum-swingup,chaos,adaptive_rhs,42,24.57,18.35,2.1514
reacher-hard,clean,paper_horizon,42,860.688,972.35,1.2481
reacher-hard,clean,adaptive_rhs,42,861.293,922.7,1.3439
reacher-hard,chaos,paper_horizon,42,2.44,0,3.1417
reacher-hard,chaos,adaptive_rhs,42,2.465,0,3.7500
cup-catch,clean,paper_horizon,15,885.237,984.75,2.0297
cup-catch,clean,adaptive_rhs,15,885.11,984.55,2.4914
cup-catch,chaos,paper_horizon,15,709.83,842.1,2.4228
cup-catch,chaos,adaptive_rhs,15,738.805,831.9,2.5389
pendulum-swingup,clean,paper_horizon,15,739.977,855.15,1.2369
pendulum-swingup,clean,adaptive_rhs,15,734.737,854.9,1.5481
reacher-hard,clean,paper_horizon,15,836.49,854.3,1.2472
pendulum-swingup,chaos,paper_horizon,15,33.74,43.5,1.6392
pendulum-swingup,chaos,adaptive_rhs,15,31.67,14.85,1.8208
reacher-hard,clean,adaptive_rhs,15,829.557,924.15,1.3933
reacher-hard,chaos,paper_horizon,15,0.2925,0.6,3.1108
cup-catch,clean,paper_horizon,1,882.26,976.9,1.9914
reacher-hard,chaos,adaptive_rhs,15,0.28,0.55,3.7353
cup-catch,clean,adaptive_rhs,1,883.255,978.4,2.5622
cup-catch,chaos,paper_horizon,1,724.153,766.75,2.3742
pendulum-swingup,clean,paper_horizon,1,1.765,0,1.2036
cup-catch,chaos,adaptive_rhs,1,740.395,772.15,2.6172
pendulum-swingup,clean,adaptive_rhs,1,1.99,0,1.8219
pendulum-swingup,chaos,paper_horizon,1,32.7675,13.05,1.6619
reacher-hard,clean,paper_horizon,1,852.083,976.2,1.2517
pendulum-swingup,chaos,adaptive_rhs,1,42.9825,44.95,2.1861
reacher-hard,clean,adaptive_rhs,1,847.938,880.2,1.5025
cup-catch,clean,paper_horizon,7,883.532,983.15,2.0178
reacher-hard,chaos,paper_horizon,1,4.9625,0.05,3.1567
cup-catch,clean,adaptive_rhs,7,883.912,982.05,2.3417
reacher-hard,chaos,adaptive_rhs,1,0.1225,0.05,3.6353
pendulum-swingup,clean,paper_horizon,7,764.012,834.35,1.2064
cup-catch,chaos,paper_horizon,7,686.052,929.65,2.4175
pendulum-swingup,clean,adaptive_rhs,7,749.028,829,1.6958
cup-catch,chaos,adaptive_rhs,7,708.835,937.35,2.5792
pendulum-swingup,chaos,paper_horizon,7,26.025,26.55,1.6503
reacher-hard,clean,paper_horizon,7,828.413,932.65,1.2575
reacher-hard,clean,adaptive_rhs,7,835.817,873.05,1.3686
pendulum-swingup,chaos,adaptive_rhs,7,17.75,8.9,2.2636
reacher-hard,chaos,paper_horizon,7,0.1675,0.2,3.1378
reacher-hard,chaos,adaptive_rhs,7,0.1425,0.1,3.2531
