env_id,regime,seed,baseline_score,rhs_score,pct_delta_vs_baseline,rhs_won,baseline_run_dir,rhs_run_dir
acrobot-swingup,chaos,1,377.04,400.372,6.188,True,/home/goncalo/git/horizonsearch/tdmpc2-jax-codex/outputs/corl_pub_500k_v3/acrobot-swingup/chaos/paper_horizon/s1,/home/goncalo/git/horizonsearch/tdmpc2-jax-codex/outputs/corl_pub_500k_v3/acrobot-swingup/chaos/adaptive_rhs/s1
acrobot-swingup,chaos,15,403.393,338.506,-16.0852,False,/home/goncalo/git/horizonsearch/tdmpc2-jax-codex/outputs/corl_pub_500k_v3/acrobot-swingup/chaos/paper_horizon/s15,/home/goncalo/git/horizonsearch/tdmpc2-jax-codex/outputs/corl_pub_500k_v3/acrobot-swingup/chaos/adaptive_rhs/s15
acrobot-swingup,chaos,23,417.114,338.845,-18.7644,False,/home/goncalo/git/horizonsearch/tdmpc2-jax-codex/outputs/corl_pub_500k_v3/acrobot-swingup/chaos/paper_horizon/s23,/home/goncalo/git/horizonsearch/tdmpc2-jax-codex/outputs/corl_pub_500k_v3/acrobot-swingup/chaos/adaptive_rhs/s23
acrobot-swingup,chaos,31,389.875,407.137,4.42757,True,/home/goncalo/git/horizonsearch/tdmpc2-jax-codex/outputs/corl_pub_500k_v3/acrobot-swingup/chaos/paper_horizon/s31,/home/goncalo/git/horizonsearch/tdmpc2-jax-codex/outputs/corl_pub_500k_v3/acrobot-swingup/chaos/adaptive_rhs/s31
acrobot-swingup,chaos,42,425.529,457.103,7.41983,True,/home/goncalo/git/horizonsearch/tdmpc2-jax-codex/outputs/corl_pub_500k_v3/acrobot-swingup/chaos/paper_horizon/s42,/home/goncalo/git/horizonsearch/tdmpc2-jax-codex/outputs/corl_pub_500k_v3/acrobot-swingup/chaos/adaptive_rhs/s42
acrobot-swingup,chaos,7,409.676,488.057,19.1326,True,/home/goncalo/git/horizonsearch/tdmpc2-jax-codex/outputs/corl_pub_500k_v3/acrobot-swingup/chaos/paper_horizon/s7,/home/goncalo/git/horizonsearch/tdmpc2-jax-codex/outputs/corl_pub_500k_v3/acrobot-swingup/chaos/adaptive_rhs/s7
acrobot-swingup,clean,1,646.824,570.029,-11.8726,False,/home/goncalo/git/horizonsearch/tdmpc2-jax-codex/outputs/corl_pub_500k_v3/acrobot-swingup/clean/paper_horizon/s1,/home/goncalo/git/horizonsearch/tdmpc2-jax-codex/outputs/corl_pub_500k_v3/acrobot-swingup/clean/adaptive_rhs/s1
acrobot-swingup,clean,15,572.393,622.027,8.67144,True,/home/goncalo/git/horizonsearch/tdmpc2-jax-codex/outputs/corl_pub_500k_v3/acrobot-swingup/clean/paper_horizon/s15,/home/goncalo/git/horizonsearch/tdmpc2-jax-codex/outputs/corl_pub_500k_v3/acrobot-swingup/clean/adaptive_rhs/s15
acrobot-swingup,clean,23,533.508,545.501,2.24782,True,/home/goncalo/git/horizonsearch/tdmpc2-jax-codex/outputs/corl_pub_500k_v3/acrobot-swingup/clean/paper_horizon/s23,/home/goncalo/git/horizonsearch/tdmpc2-jax-codex/outputs/corl_pub_500k_v3/acrobot-swingup/clean/adaptive_rhs/s23
acrobot-swingup,clean,31,428.226,642.531,50.0449,True,/home/goncalo/git/horizonsearch/tdmpc2-jax-codex/outputs/corl_pub_500k_v3/acrobot-swingup/clean/paper_horizon/s31,/home/goncalo/git/horizonsearch/tdmpc2-jax-codex/outputs/corl_pub_500k_v3/acrobot-swingup/clean/adaptive_rhs/s31
acrobot-swingup,clean,42,629.118,684.391,8.78583,True,/home/goncalo/git/horizonsearch/tdmpc2-jax-codex/outputs/corl_pub_500k_v3/acrobot-swingup/clean/paper_horizon/s42,/home/goncalo/git/horizonsearch/tdmpc2-jax-codex/outputs/corl_pub_500k_v3/acrobot-swingup/clean/adaptive_rhs/s42
acrobot-swingup,clean,7,639.878,687.182,7.39269,True,/home/goncalo/git/horizonsearch/tdmpc2-jax-codex/outputs/corl_pub_500k_v3/acrobot-swingup/clean/paper_horizon/s7,/home/goncalo/git/horizonsearch/tdmpc2-jax-codex/outputs/corl_pub_500k_v3/acrobot-swingup/clean/adaptive_rhs/s7
cartpole-swingup,chaos,1,814.092,816.386,0.281825,True,/home/goncalo/git/horizonsearch/tdmpc2-jax-codex/outputs/corl_pub_500k_v2/cartpole-swingup/chaos/paper_horizon/s1,/home/goncalo/git/horizonsearch/tdmpc2-jax-codex/outputs/corl_pub_500k_v2/cartpole-swingup/chaos/adaptive_rhs/s1
cartpole-swingup,chaos,15,859.191,860.571,0.160695,True,/home/goncalo/git/horizonsearch/tdmpc2-jax-codex/outputs/corl_pub_500k_v2/cartpole-swingup/chaos/paper_horizon/s15,/home/goncalo/git/horizonsearch/tdmpc2-jax-codex/outputs/corl_pub_500k_v2/cartpole-swingup/chaos/adaptive_rhs/s15
cartpole-swingup,chaos,23,863.401,848.869,-1.68309,False,/home/goncalo/git/horizonsearch/tdmpc2-jax-codex/outputs/corl_pub_500k_v3/cartpole-swingup/chaos/paper_horizon/s23,/home/goncalo/git/horizonsearch/tdmpc2-jax-codex/outputs/corl_pub_500k_v3/cartpole-swingup/chaos/adaptive_rhs/s23
cartpole-swingup,chaos,31,780.32,776.335,-0.510639,False,/home/goncalo/git/horizonsearch/tdmpc2-jax-codex/outputs/corl_pub_500k_v3/cartpole-swingup/chaos/paper_horizon/s31,/home/goncalo/git/horizonsearch/tdmpc2-jax-codex/outputs/corl_pub_500k_v3/cartpole-swingup/chaos/adaptive_rhs/s31
cartpole-swingup,chaos,42,858.653,857.246,-0.163795,False,/home/goncalo/git/horizonsearch/tdmpc2-jax-codex/outputs/corl_pub_500k_v3/cartpole-swingup/chaos/paper_horizon/s42,/home/goncalo/git/horizonsearch/tdmpc2-jax-codex/outputs/corl_pub_500k_v3/cartpole-swingup/chaos/adaptive_rhs/s42
cartpole-swingup,chaos,7,856.469,861.539,0.591916,True,/home/goncalo/git/horizonsearch/tdmpc2-jax-codex/outputs/corl_pub_500k_v2/cartpole-swingup/chaos/paper_horizon/s7,/home/goncalo/git/horizonsearch/tdmpc2-jax-codex/outputs/corl_pub_500k_v2/cartpole-swingup/chaos/adaptive_rhs/s7
cartpole-swingup,clean,1,882.118,864.924,-1.94915,False,/home/goncalo/git/horizonsearch/tdmpc2-jax-codex/outputs/corl_pub_500k_v2/cartpole-swingup/clean/paper_horizon/s1,/home/goncalo/git/horizonsearch/tdmpc2-jax-codex/outputs/corl_pub_500k_v2/cartpole-swingup/clean/adaptive_rhs/s1
cartpole-swingup,clean,15,864.486,879.807,1.7722,True,/home/goncalo/git/horizonsearch/tdmpc2-jax-codex/outputs/corl_pub_500k_v2/cartpole-swingup/clean/paper_horizon/s15,/home/goncalo/git/horizonsearch/tdmpc2-jax-codex/outputs/corl_pub_500k_v2/cartpole-swingup/clean/adaptive_rhs/s15
cartpole-swingup,clean,23,882.882,867.124,-1.78477,False,/home/goncalo/git/horizonsearch/tdmpc2-jax-codex/outputs/corl_pub_500k_v3/cartpole-swingup/clean/paper_horizon/s23,/home/goncalo/git/horizonsearch/tdmpc2-jax-codex/outputs/corl_pub_500k_v3/cartpole-swingup/clean/adaptive_rhs/s23
cartpole-swingup,clean,31,867.008,878.87,1.36817,True,/home/goncalo/git/horizonsearch/tdmpc2-jax-codex/outputs/corl_pub_500k_v3/cartpole-swingup/clean/paper_horizon/s31,/home/goncalo/git/horizonsearch/tdmpc2-jax-codex/outputs/corl_pub_500k_v3/cartpole-swingup/clean/adaptive_rhs/s31
cartpole-swingup,clean,42,865.494,867.302,0.208854,True,/home/goncalo/git/horizonsearch/tdmpc2-jax-codex/outputs/corl_pub_500k_v3/cartpole-swingup/clean/paper_horizon/s42,/home/goncalo/git/horizonsearch/tdmpc2-jax-codex/outputs/corl_pub_500k_v3/cartpole-swingup/clean/adaptive_rhs/s42
cartpole-swingup,clean,7,878.423,882.384,0.450901,True,/home/goncalo/git/horizonsearch/tdmpc2-jax-codex/outputs/corl_pub_500k_v2/cartpole-swingup/clean/paper_horizon/s7,/home/goncalo/git/horizonsearch/tdmpc2-jax-codex/outputs/corl_pub_500k_v2/cartpole-swingup/clean/adaptive_rhs/s7
cheetah-run,chaos,1,354.477,501.057,41.3512,True,/home/goncalo/git/horizonsearch/tdmpc2-jax-codex/outputs/corl_pub_500k_v2/cheetah-run/chaos/paper_horizon/s1,/home/goncalo/git/horizonsearch/tdmpc2-jax-codex/outputs/corl_pub_500k_v2/cheetah-run/chaos/adaptive_rhs/s1
cheetah-run,chaos,15,528.19,540.944,2.41467,True,/home/goncalo/git/horizonsearch/tdmpc2-jax-codex/outputs/corl_pub_500k_v2/cheetah-run/chaos/paper_horizon/s15,/home/goncalo/git/horizonsearch/tdmpc2-jax-codex/outputs/corl_pub_500k_v2/cheetah-run/chaos/adaptive_rhs/s15
cheetah-run,chaos,23,578.725,612.366,5.81291,True,/home/goncalo/git/horizonsearch/tdmpc2-jax-codex/outputs/corl_pub_500k_v3/cheetah-run/chaos/paper_horizon/s23,/home/goncalo/git/horizonsearch/tdmpc2-jax-codex/outputs/corl_pub_500k_v3/cheetah-run/chaos/adaptive_rhs/s23
cheetah-run,chaos,31,511.406,343.822,-32.7692,False,/home/goncalo/git/horizonsearch/tdmpc2-jax-codex/outputs/corl_pub_500k_v3/cheetah-run/chaos/paper_horizon/s31,/home/goncalo/git/horizonsearch/tdmpc2-jax-codex/outputs/corl_pub_500k_v3/cheetah-run/chaos/adaptive_rhs/s31
cheetah-run,chaos,42,321.27,369.869,15.127,True,/home/goncalo/git/horizonsearch/tdmpc2-jax-codex/outputs/corl_pub_500k_v3/cheetah-run/chaos/paper_horizon/s42,/home/goncalo/git/horizonsearch/tdmpc2-jax-codex/outputs/corl_pub_500k_v3/cheetah-run/chaos/adaptive_rhs/s42
cheetah-run,chaos,7,515.359,595.944,15.6366,True,/home/goncalo/git/horizonsearch/tdmpc2-jax-codex/outputs/corl_pub_500k_v2/cheetah-run/chaos/paper_horizon/s7,/home/goncalo/git/horizonsearch/tdmpc2-jax-codex/outputs/corl_pub_500k_v2/cheetah-run/chaos/adaptive_rhs/s7
cheetah-run,clean,1,926.154,946.552,2.20248,True,/home/goncalo/git/horizonsearch/tdmpc2-jax-codex/outputs/corl_pub_500k_v2/cheetah-run/clean/paper_horizon/s1,/home/goncalo/git/horizonsearch/tdmpc2-jax-codex/outputs/corl_pub_500k_v2/cheetah-run/clean/adaptive_rhs/s1
cheetah-run,clean,15,850.736,905.613,6.45051,True,/home/goncalo/git/horizonsearch/tdmpc2-jax-codex/outputs/corl_pub_500k_v2/cheetah-run/clean/paper_horizon/s15,/home/goncalo/git/horizonsearch/tdmpc2-jax-codex/outputs/corl_pub_500k_v2/cheetah-run/clean/adaptive_rhs/s15
cheetah-run,clean,23,856.693,915.926,6.91413,True,/home/goncalo/git/horizonsearch/tdmpc2-jax-codex/outputs/corl_pub_500k_v3/cheetah-run/clean/paper_horizon/s23,/home/goncalo/git/horizonsearch/tdmpc2-jax-codex/outputs/corl_pub_500k_v3/cheetah-run/clean/adaptive_rhs/s23
cheetah-run,clean,31,932.158,934.833,0.287,True,/home/goncalo/git/horizonsearch/tdmpc2-jax-codex/outputs/corl_pub_500k_v3/cheetah-run/clean/paper_horizon/s31,/home/goncalo/git/horizonsearch/tdmpc2-jax-codex/outputs/corl_pub_500k_v3/cheetah-run/clean/adaptive_rhs/s31
cheetah-run,clean,42,944.059,932.274,-1.24828,False,/home/goncalo/git/horizonsearch/tdmpc2-jax-codex/outputs/corl_pub_500k_v3/cheetah-run/clean/paper_horizon/s42,/home/goncalo/git/horizonsearch/tdmpc2-jax-codex/outputs/corl_pub_500k_v3/cheetah-run/clean/adaptive_rhs/s42
cheetah-run,clean,7,943.961,942.65,-0.138848,False,/home/goncalo/git/horizonsearch/tdmpc2-jax-codex/outputs/corl_pub_500k_v2/cheetah-run/clean/paper_horizon/s7,/home/goncalo/git/horizonsearch/tdmpc2-jax-codex/outputs/corl_pub_500k_v2/cheetah-run/clean/adaptive_rhs/s7
cup-catch,chaos,1,766.75,772.15,0.704274,True,/home/goncalo/git/horizonsearch/tdmpc2-jax-codex/outputs/corl_pub_500k_v3/cup-catch/chaos/paper_horizon/s1,/home/goncalo/git/horizonsearch/tdmpc2-jax-codex/outputs/corl_pub_500k_v3/cup-catch/chaos/adaptive_rhs/s1
cup-catch,chaos,15,842.1,831.9,-1.21125,False,/home/goncalo/git/horizonsearch/tdmpc2-jax-codex/outputs/corl_pub_500k_v3/cup-catch/chaos/paper_horizon/s15,/home/goncalo/git/horizonsearch/tdmpc2-jax-codex/outputs/corl_pub_500k_v3/cup-catch/chaos/adaptive_rhs/s15
cup-catch,chaos,23,763.3,723.25,-5.24695,False,/home/goncalo/git/horizonsearch/tdmpc2-jax-codex/outputs/corl_pub_500k_v3/cup-catch/chaos/paper_horizon/s23,/home/goncalo/git/horizonsearch/tdmpc2-jax-codex/outputs/corl_pub_500k_v3/cup-catch/chaos/adaptive_rhs/s23
cup-catch,chaos,31,774.85,779.1,0.548493,True,/home/goncalo/git/horizonsearch/tdmpc2-jax-codex/outputs/corl_pub_500k_v3/cup-catch/chaos/paper_horizon/s31,/home/goncalo/git/horizonsearch/tdmpc2-jax-codex/outputs/corl_pub_500k_v3/cup-catch/chaos/adaptive_rhs/s31
cup-catch,chaos,42,865,711.6,-17.7341,False,/home/goncalo/git/horizonsearch/tdmpc2-jax-codex/outputs/corl_pub_500k_v3/cup-catch/chaos/paper_horizon/s42,/home/goncalo/git/horizonsearch/tdmpc2-jax-codex/outputs/corl_pub_500k_v3/cup-catch/chaos/adaptive_rhs/s42
cup-catch,chaos,7,929.65,937.35,0.828263,True,/home/goncalo/git/horizonsearch/tdmpc2-jax-codex/outputs/corl_pub_500k_v3/cup-catch/chaos/paper_horizon/s7,/home/goncalo/git/horizonsearch/tdmpc2-jax-codex/outputs/corl_pub_500k_v3/cup-catch/chaos/adaptive_rhs/s7
cup-catch,clean,1,976.9,978.4,0.153547,True,/home/goncalo/git/horizonsearch/tdmpc2-jax-codex/outputs/corl_pub_500k_v3/cup-catch/clean/paper_horizon/s1,/home/goncalo/git/horizonsearch/tdmpc2-jax-codex/outputs/corl_pub_500k_v3/cup-catch/clean/adaptive_rhs/s1
cup-catch,clean,15,984.75,984.55,-0.020311,False,/home/goncalo/git/horizonsearch/tdmpc2-jax-codex/outputs/corl_pub_500k_v3/cup-catch/clean/paper_horizon/s15,/home/goncalo/git/horizonsearch/tdmpc2-jax-codex/outputs/corl_pub_500k_v3/cup-catch/clean/adaptive_rhs/s15
cup-catch,clean,23,981.95,981.2,-0.0763786,False,/home/goncalo/git/horizonsearch/tdmpc2-jax-codex/outputs/corl_pub_500k_v3/cup-catch/clean/paper_horizon/s23,/home/goncalo/git/horizonsearch/tdmpc2-jax-codex/outputs/corl_pub_500k_v3/cup-catch/clean/adaptive_rhs/s23
cup-catch,clean,31,975.35,975.75,0.0410134,True,/home/goncalo/git/horizonsearch/tdmpc2-jax-codex/outputs/corl_pub_500k_v3/cup-catch/clean/paper_horizon/s31,/home/goncalo/git/horizonsearch/tdmpc2-jax-codex/outputs/corl_pub_500k_v3/cup-catch/clean/adaptive_rhs/s31
cup-catch,clean,42,990.5,989.85,-0.0656259,False,/home/goncalo/git/horizonsearch/tdmpc2-jax-codex/outputs/corl_pub_500k_v3/cup-catch/clean/paper_horizon/s42,/home/goncalo/git/horizonsearch/tdmpc2-jax-codex/outputs/corl_pub_500k_v3/cup-catch/clean/adaptive_rhs/s42
cup-catch,clean,7,983.15,982.05,-0.111889,False,/home/goncalo/git/horizonsearch/tdmpc2-jax-codex/outputs/corl_pub_500k_v3/cup-catch/clean/paper_horizon/s7,/home/goncalo/git/horizonsearch/tdmpc2-jax-codex/outputs/corl_pub_500k_v3/cup-catch/clean/adaptive_rhs/s7
finger-turn_hard,chaos,1,651,448.7,-31.0753,False,/home/goncalo/git/horizonsearch/tdmpc2-jax-codex/outputs/corl_pub_500k_v2/finger-turn_hard/chaos/paper_horizon/s1,/home/goncalo/git/horizonsearch/tdmpc2-jax-codex/outputs/corl_pub_500k_v2/finger-turn_hard/chaos/adaptive_rhs/s1
finger-turn_hard,chaos,15,510.1,753.45,47.7063,True,/home/goncalo/git/horizonsearch/tdmpc2-jax-codex/outputs/corl_pub_500k_v2/finger-turn_hard/chaos/paper_horizon/s15,/home/goncalo/git/horizonsearch/tdmpc2-jax-codex/outputs/corl_pub_500k_v2/finger-turn_hard/chaos/adaptive_rhs/s15
finger-turn_hard,chaos,23,669,839.45,25.4783,True,/home/goncalo/git/horizonsearch/tdmpc2-jax-codex/outputs/corl_pub_500k_v3/finger-turn_hard/chaos/paper_horizon/s23,/home/goncalo/git/horizonsearch/tdmpc2-jax-codex/outputs/corl_pub_500k_v3/finger-turn_hard/chaos/adaptive_rhs/s23
finger-turn_hard,chaos,31,678.55,747.5,10.1614,True,/home/goncalo/git/horizonsearch/tdmpc2-jax-codex/outputs/corl_pub_500k_v3/finger-turn_hard/chaos/paper_horizon/s31,/home/goncalo/git/horizonsearch/tdmpc2-jax-codex/outputs/corl_pub_500k_v3/finger-turn_hard/chaos/adaptive_rhs/s31
finger-turn_hard,chaos,42,436.35,640.7,46.8317,True,/home/goncalo/git/horizonsearch/tdmpc2-jax-codex/outputs/corl_pub_500k_v3/finger-turn_hard/chaos/paper_horizon/s42,/home/goncalo/git/horizonsearch/tdmpc2-jax-codex/outputs/corl_pub_500k_v3/finger-turn_hard/chaos/adaptive_rhs/s42
finger-turn_hard,chaos,7,580.45,838.75,44.5,True,/home/goncalo/git/horizonsearch/tdmpc2-jax-codex/outputs/corl_pub_500k_v2/finger-turn_hard/chaos/paper_horizon/s7,/home/goncalo/git/horizonsearch/tdmpc2-jax-codex/outputs/corl_pub_500k_v2/finger-turn_hard/chaos/adaptive_rhs/s7
finger-turn_hard,clean,1,772.7,918.8,18.9077,True,/home/goncalo/git/horizonsearch/tdmpc2-jax-codex/outputs/corl_pub_500k_v2/finger-turn_hard/clean/paper_horizon/s1,/home/goncalo/git/horizonsearch/tdmpc2-jax-codex/outputs/corl_pub_500k_v2/finger-turn_hard/clean/adaptive_rhs/s1
finger-turn_hard,clean,15,884.6,928.9,5.00792,True,/home/goncalo/git/horizonsearch/tdmpc2-jax-codex/outputs/corl_pub_500k_v2/finger-turn_hard/clean/paper_horizon/s15,/home/goncalo/git/horizonsearch/tdmpc2-jax-codex/outputs/corl_pub_500k_v2/finger-turn_hard/clean/adaptive_rhs/s15
finger-turn_hard,clean,23,872.45,866.25,-0.710644,False,/home/goncalo/git/horizonsearch/tdmpc2-jax-codex/outputs/corl_pub_500k_v3/finger-turn_hard/clean/paper_horizon/s23,/home/goncalo/git/horizonsearch/tdmpc2-jax-codex/outputs/corl_pub_500k_v3/finger-turn_hard/clean/adaptive_rhs/s23
finger-turn_hard,clean,31,735.35,777.2,5.69117,True,/home/goncalo/git/horizonsearch/tdmpc2-jax-codex/outputs/corl_pub_500k_v3/finger-turn_hard/clean/paper_horizon/s31,/home/goncalo/git/horizonsearch/tdmpc2-jax-codex/outputs/corl_pub_500k_v3/finger-turn_hard/clean/adaptive_rhs/s31
finger-turn_hard,clean,42,951.2,893.1,-6.10808,False,/home/goncalo/git/horizonsearch/tdmpc2-jax-codex/outputs/corl_pub_500k_v3/finger-turn_hard/clean/paper_horizon/s42,/home/goncalo/git/horizonsearch/tdmpc2-jax-codex/outputs/corl_pub_500k_v3/finger-turn_hard/clean/adaptive_rhs/s42
finger-turn_hard,clean,7,818.2,916.95,12.0692,True,/home/goncalo/git/horizonsearch/tdmpc2-jax-codex/outputs/corl_pub_500k_v2/finger-turn_hard/clean/paper_horizon/s7,/home/goncalo/git/horizonsearch/tdmpc2-jax-codex/outputs/corl_pub_500k_v2/finger-turn_hard/clean/adaptive_rhs/s7
fish-swim,clean,1,648.558,658.269,1.49721,True,/home/goncalo/git/horizonsearch/tdmpc2-jax-codex/outputs/corl_pub_500k_v2/fish-swim/clean/paper_horizon/s1,/home/goncalo/git/horizonsearch/tdmpc2-jax-codex/outputs/corl_pub_500k_v2/fish-swim/clean/adaptive_rhs/s1
fish-swim,clean,15,645.431,543.236,-15.8336,False,/home/goncalo/git/horizonsearch/tdmpc2-jax-codex/outputs/corl_pub_500k_v2/fish-swim/clean/paper_horizon/s15,/home/goncalo/git/horizonsearch/tdmpc2-jax-codex/outputs/corl_pub_500k_v2/fish-swim/clean/adaptive_rhs/s15
fish-swim,clean,7,723.557,674.227,-6.81767,False,/home/goncalo/git/horizonsearch/tdmpc2-jax-codex/outputs/corl_pub_500k_v2/fish-swim/clean/paper_horizon/s7,/home/goncalo/git/horizonsearch/tdmpc2-jax-codex/outputs/corl_pub_500k_v2/fish-swim/clean/adaptive_rhs/s7
hopper-hop,chaos,1,166.819,278.097,66.7054,True,/home/goncalo/git/horizonsearch/tdmpc2-jax-codex/outputs/corl_pub_500k_v2/hopper-hop/chaos/paper_horizon/s1,/home/goncalo/git/horizonsearch/tdmpc2-jax-codex/outputs/corl_pub_500k_v2/hopper-hop/chaos/adaptive_rhs/s1
hopper-hop,chaos,15,158.23,138.971,-12.1713,False,/home/goncalo/git/horizonsearch/tdmpc2-jax-codex/outputs/corl_pub_500k_v2/hopper-hop/chaos/paper_horizon/s15,/home/goncalo/git/horizonsearch/tdmpc2-jax-codex/outputs/corl_pub_500k_v2/hopper-hop/chaos/adaptive_rhs/s15
hopper-hop,chaos,23,148.679,197.094,32.5628,True,/home/goncalo/git/horizonsearch/tdmpc2-jax-codex/outputs/corl_pub_500k_v3/hopper-hop/chaos/paper_horizon/s23,/home/goncalo/git/horizonsearch/tdmpc2-jax-codex/outputs/corl_pub_500k_v3/hopper-hop/chaos/adaptive_rhs/s23
hopper-hop,chaos,31,177.199,171.029,-3.48243,False,/home/goncalo/git/horizonsearch/tdmpc2-jax-codex/outputs/corl_pub_500k_v3/hopper-hop/chaos/paper_horizon/s31,/home/goncalo/git/horizonsearch/tdmpc2-jax-codex/outputs/corl_pub_500k_v3/hopper-hop/chaos/adaptive_rhs/s31
hopper-hop,chaos,42,186.592,177.286,-4.98745,False,/home/goncalo/git/horizonsearch/tdmpc2-jax-codex/outputs/corl_pub_500k_v3/hopper-hop/chaos/paper_horizon/s42,/home/goncalo/git/horizonsearch/tdmpc2-jax-codex/outputs/corl_pub_500k_v3/hopper-hop/chaos/adaptive_rhs/s42
hopper-hop,chaos,7,292.399,159.09,-45.5915,False,/home/goncalo/git/horizonsearch/tdmpc2-jax-codex/outputs/corl_pub_500k_v2/hopper-hop/chaos/paper_horizon/s7,/home/goncalo/git/horizonsearch/tdmpc2-jax-codex/outputs/corl_pub_500k_v2/hopper-hop/chaos/adaptive_rhs/s7
hopper-hop,clean,1,542.805,570.146,5.03699,True,/home/goncalo/git/horizonsearch/tdmpc2-jax-codex/outputs/corl_pub_500k_v2/hopper-hop/clean/paper_horizon/s1,/home/goncalo/git/horizonsearch/tdmpc2-jax-codex/outputs/corl_pub_500k_v2/hopper-hop/clean/adaptive_rhs/s1
hopper-hop,clean,15,559.276,357.923,-36.0024,False,/home/goncalo/git/horizonsearch/tdmpc2-jax-codex/outputs/corl_pub_500k_v2/hopper-hop/clean/paper_horizon/s15,/home/goncalo/git/horizonsearch/tdmpc2-jax-codex/outputs/corl_pub_500k_v2/hopper-hop/clean/adaptive_rhs/s15
hopper-hop,clean,23,527.738,372.314,-29.451,False,/home/goncalo/git/horizonsearch/tdmpc2-jax-codex/outputs/corl_pub_500k_v3/hopper-hop/clean/paper_horizon/s23,/home/goncalo/git/horizonsearch/tdmpc2-jax-codex/outputs/corl_pub_500k_v3/hopper-hop/clean/adaptive_rhs/s23
hopper-hop,clean,31,583.709,614.467,5.26935,True,/home/goncalo/git/horizonsearch/tdmpc2-jax-codex/outputs/corl_pub_500k_v3/hopper-hop/clean/paper_horizon/s31,/home/goncalo/git/horizonsearch/tdmpc2-jax-codex/outputs/corl_pub_500k_v3/hopper-hop/clean/adaptive_rhs/s31
hopper-hop,clean,42,355.446,536.892,51.0476,True,/home/goncalo/git/horizonsearch/tdmpc2-jax-codex/outputs/corl_pub_500k_v3/hopper-hop/clean/paper_horizon/s42,/home/goncalo/git/horizonsearch/tdmpc2-jax-codex/outputs/corl_pub_500k_v3/hopper-hop/clean/adaptive_rhs/s42
hopper-hop,clean,7,514.885,469.663,-8.78303,False,/home/goncalo/git/horizonsearch/tdmpc2-jax-codex/outputs/corl_pub_500k_v2/hopper-hop/clean/paper_horizon/s7,/home/goncalo/git/horizonsearch/tdmpc2-jax-codex/outputs/corl_pub_500k_v2/hopper-hop/clean/adaptive_rhs/s7
pendulum-swingup,chaos,1,13.05,44.95,244.444,True,/home/goncalo/git/horizonsearch/tdmpc2-jax-codex/outputs/corl_pub_500k_v3/pendulum-swingup/chaos/paper_horizon/s1,/home/goncalo/git/horizonsearch/tdmpc2-jax-codex/outputs/corl_pub_500k_v3/pendulum-swingup/chaos/adaptive_rhs/s1
pendulum-swingup,chaos,15,43.5,14.85,-65.8621,False,/home/goncalo/git/horizonsearch/tdmpc2-jax-codex/outputs/corl_pub_500k_v3/pendulum-swingup/chaos/paper_horizon/s15,/home/goncalo/git/horizonsearch/tdmpc2-jax-codex/outputs/corl_pub_500k_v3/pendulum-swingup/chaos/adaptive_rhs/s15
pendulum-swingup,chaos,23,12.95,12.2,-5.79151,False,/home/goncalo/git/horizonsearch/tdmpc2-jax-codex/outputs/corl_pub_500k_v3/pendulum-swingup/chaos/paper_horizon/s23,/home/goncalo/git/horizonsearch/tdmpc2-jax-codex/outputs/corl_pub_500k_v3/pendulum-swingup/chaos/adaptive_rhs/s23
pendulum-swingup,chaos,31,8.1,13.7,69.1358,True,/home/goncalo/git/horizonsearch/tdmpc2-jax-codex/outputs/corl_pub_500k_v3/pendulum-swingup/chaos/paper_horizon/s31,/home/goncalo/git/horizonsearch/tdmpc2-jax-codex/outputs/corl_pub_500k_v3/pendulum-swingup/chaos/adaptive_rhs/s31
pendulum-swingup,chaos,42,50.7,18.35,-63.8067,False,/home/goncalo/git/horizonsearch/tdmpc2-jax-codex/outputs/corl_pub_500k_v3/pendulum-swingup/chaos/paper_horizon/s42,/home/goncalo/git/horizonsearch/tdmpc2-jax-codex/outputs/corl_pub_500k_v3/pendulum-swingup/chaos/adaptive_rhs/s42
pendulum-swingup,chaos,7,26.55,8.9,-66.4783,False,/home/goncalo/git/horizonsearch/tdmpc2-jax-codex/outputs/corl_pub_500k_v3/pendulum-swingup/chaos/paper_horizon/s7,/home/goncalo/git/horizonsearch/tdmpc2-jax-codex/outputs/corl_pub_500k_v3/pendulum-swingup/chaos/adaptive_rhs/s7
pendulum-swingup,clean,15,855.15,854.9,-0.0292346,False,/home/goncalo/git/horizonsearch/tdmpc2-jax-codex/outputs/corl_pub_500k_v3/pendulum-swingup/clean/paper_horizon/s15,/home/goncalo/git/horizonsearch/tdmpc2-jax-codex/outputs/corl_pub_500k_v3/pendulum-swingup/clean/adaptive_rhs/s15
pendulum-swingup,clean,23,850.95,850.65,-0.0352533,False,/home/goncalo/git/horizonsearch/tdmpc2-jax-codex/outputs/corl_pub_500k_v3/pendulum-swingup/clean/paper_horizon/s23,/home/goncalo/git/horizonsearch/tdmpc2-jax-codex/outputs/corl_pub_500k_v3/pendulum-swingup/clean/adaptive_rhs/s23
pendulum-swingup,clean,42,860.65,852.3,-0.970201,False,/home/goncalo/git/horizonsearch/tdmpc2-jax-codex/outputs/corl_pub_500k_v3/pendulum-swingup/clean/paper_horizon/s42,/home/goncalo/git/horizonsearch/tdmpc2-jax-codex/outputs/corl_pub_500k_v3/pendulum-swingup/clean/adaptive_rhs/s42
pendulum-swingup,clean,7,834.35,829,-0.641215,False,/home/goncalo/git/horizonsearch/tdmpc2-jax-codex/outputs/corl_pub_500k_v3/pendulum-swingup/clean/paper_horizon/s7,/home/goncalo/git/horizonsearch/tdmpc2-jax-codex/outputs/corl_pub_500k_v3/pendulum-swingup/clean/adaptive_rhs/s7
quadruped-run,chaos,1,660.833,732.885,10.9033,True,/home/goncalo/git/horizonsearch/tdmpc2-jax-codex/outputs/corl_pub_500k_v2/quadruped-run/chaos/paper_horizon/s1,/home/goncalo/git/horizonsearch/tdmpc2-jax-codex/outputs/corl_pub_500k_v2/quadruped-run/chaos/adaptive_rhs/s1
quadruped-run,chaos,15,576.135,810.007,40.5932,True,/home/goncalo/git/horizonsearch/tdmpc2-jax-codex/outputs/corl_pub_500k_v2/quadruped-run/chaos/paper_horizon/s15,/home/goncalo/git/horizonsearch/tdmpc2-jax-codex/outputs/corl_pub_500k_v2/quadruped-run/chaos/adaptive_rhs/s15
quadruped-run,chaos,23,592.633,658.182,11.0606,True,/home/goncalo/git/horizonsearch/tdmpc2-jax-codex/outputs/corl_pub_500k_v3/quadruped-run/chaos/paper_horizon/s23,/home/goncalo/git/horizonsearch/tdmpc2-jax-codex/outputs/corl_pub_500k_v3/quadruped-run/chaos/adaptive_rhs/s23
quadruped-run,chaos,31,672.86,676.259,0.505164,True,/home/goncalo/git/horizonsearch/tdmpc2-jax-codex/outputs/corl_pub_500k_v3/quadruped-run/chaos/paper_horizon/s31,/home/goncalo/git/horizonsearch/tdmpc2-jax-codex/outputs/corl_pub_500k_v3/quadruped-run/chaos/adaptive_rhs/s31
quadruped-run,chaos,42,719.174,644.03,-10.4486,False,/home/goncalo/git/horizonsearch/tdmpc2-jax-codex/outputs/corl_pub_500k_v3/quadruped-run/chaos/paper_horizon/s42,/home/goncalo/git/horizonsearch/tdmpc2-jax-codex/outputs/corl_pub_500k_v3/quadruped-run/chaos/adaptive_rhs/s42
quadruped-run,chaos,7,807.768,722.116,-10.6036,False,/home/goncalo/git/horizonsearch/tdmpc2-jax-codex/outputs/corl_pub_500k_v2/quadruped-run/chaos/paper_horizon/s7,/home/goncalo/git/horizonsearch/tdmpc2-jax-codex/outputs/corl_pub_500k_v2/quadruped-run/chaos/adaptive_rhs/s7
quadruped-run,clean,1,881.836,913.604,3.60243,True,/home/goncalo/git/horizonsearch/tdmpc2-jax-codex/outputs/corl_pub_500k_v2/quadruped-run/clean/paper_horizon/s1,/home/goncalo/git/horizonsearch/tdmpc2-jax-codex/outputs/corl_pub_500k_v2/quadruped-run/clean/adaptive_rhs/s1
quadruped-run,clean,15,910.955,923.768,1.40654,True,/home/goncalo/git/horizonsearch/tdmpc2-jax-codex/outputs/corl_pub_500k_v2/quadruped-run/clean/paper_horizon/s15,/home/goncalo/git/horizonsearch/tdmpc2-jax-codex/outputs/corl_pub_500k_v2/quadruped-run/clean/adaptive_rhs/s15
quadruped-run,clean,23,911.906,940.555,3.14165,True,/home/goncalo/git/horizonsearch/tdmpc2-jax-codex/outputs/corl_pub_500k_v3/quadruped-run/clean/paper_horizon/s23,/home/goncalo/git/horizonsearch/tdmpc2-jax-codex/outputs/corl_pub_500k_v3/quadruped-run/clean/adaptive_rhs/s23
quadruped-run,clean,31,922.892,918.438,-0.482618,False,/home/goncalo/git/horizonsearch/tdmpc2-jax-codex/outputs/corl_pub_500k_v3/quadruped-run/clean/paper_horizon/s31,/home/goncalo/git/horizonsearch/tdmpc2-jax-codex/outputs/corl_pub_500k_v3/quadruped-run/clean/adaptive_rhs/s31
quadruped-run,clean,42,936.566,916.308,-2.16306,False,/home/goncalo/git/horizonsearch/tdmpc2-jax-codex/outputs/corl_pub_500k_v3/quadruped-run/clean/paper_horizon/s42,/home/goncalo/git/horizonsearch/tdmpc2-jax-codex/outputs/corl_pub_500k_v3/quadruped-run/clean/adaptive_rhs/s42
quadruped-run,clean,7,879.293,839.896,-4.48062,False,/home/goncalo/git/horizonsearch/tdmpc2-jax-codex/outputs/corl_pub_500k_v2/quadruped-run/clean/paper_horizon/s7,/home/goncalo/git/horizonsearch/tdmpc2-jax-codex/outputs/corl_pub_500k_v2/quadruped-run/clean/adaptive_rhs/s7
reacher-hard,chaos,1,0.05,0.05,0,False,/home/goncalo/git/horizonsearch/tdmpc2-jax-codex/outputs/corl_pub_500k_v3/reacher-hard/chaos/paper_horizon/s1,/home/goncalo/git/horizonsearch/tdmpc2-jax-codex/outputs/corl_pub_500k_v3/reacher-hard/chaos/adaptive_rhs/s1
reacher-hard,chaos,15,0.6,0.55,-8.33333,False,/home/goncalo/git/horizonsearch/tdmpc2-jax-codex/outputs/corl_pub_500k_v3/reacher-hard/chaos/paper_horizon/s15,/home/goncalo/git/horizonsearch/tdmpc2-jax-codex/outputs/corl_pub_500k_v3/reacher-hard/chaos/adaptive_rhs/s15
reacher-hard,chaos,23,0.15,0.1,-33.3333,False,/home/goncalo/git/horizonsearch/tdmpc2-jax-codex/outputs/corl_pub_500k_v3/reacher-hard/chaos/paper_horizon/s23,/home/goncalo/git/horizonsearch/tdmpc2-jax-codex/outputs/corl_pub_500k_v3/reacher-hard/chaos/adaptive_rhs/s23
reacher-hard,chaos,31,0.1,0.1,0,False,/home/goncalo/git/horizonsearch/tdmpc2-jax-codex/outputs/corl_pub_500k_v3/reacher-hard/chaos/paper_horizon/s31,/home/goncalo/git/horizonsearch/tdmpc2-jax-codex/outputs/corl_pub_500k_v3/reacher-hard/chaos/adaptive_rhs/s31
reacher-hard,chaos,7,0.2,0.1,-50,False,/home/goncalo/git/horizonsearch/tdmpc2-jax-codex/outputs/corl_pub_500k_v3/reacher-hard/chaos/paper_horizon/s7,/home/goncalo/git/horizonsearch/tdmpc2-jax-codex/outputs/corl_pub_500k_v3/reacher-hard/chaos/adaptive_rhs/s7
reacher-hard,clean,1,976.2,880.2,-9.83405,False,/home/goncalo/git/horizonsearch/tdmpc2-jax-codex/outputs/corl_pub_500k_v3/reacher-hard/clean/paper_horizon/s1,/home/goncalo/git/horizonsearch/tdmpc2-jax-codex/outputs/corl_pub_500k_v3/reacher-hard/clean/adaptive_rhs/s1
reacher-hard,clean,15,854.3,924.15,8.17629,True,/home/goncalo/git/horizonsearch/tdmpc2-jax-codex/outputs/corl_pub_500k_v3/reacher-hard/clean/paper_horizon/s15,/home/goncalo/git/horizonsearch/tdmpc2-jax-codex/outputs/corl_pub_500k_v3/reacher-hard/clean/adaptive_rhs/s15
reacher-hard,clean,23,967.7,968.75,0.108503,True,/home/goncalo/git/horizonsearch/tdmpc2-jax-codex/outputs/corl_pub_500k_v3/reacher-hard/clean/paper_horizon/s23,/home/goncalo/git/horizonsearch/tdmpc2-jax-codex/outputs/corl_pub_500k_v3/reacher-hard/clean/adaptive_rhs/s23
reacher-hard,clean,31,922.45,974.8,5.6751,True,/home/goncalo/git/horizonsearch/tdmpc2-jax-codex/outputs/corl_pub_500k_v3/reacher-hard/clean/paper_horizon/s31,/home/goncalo/git/horizonsearch/tdmpc2-jax-codex/outputs/corl_pub_500k_v3/reacher-hard/clean/adaptive_rhs/s31
reacher-hard,clean,42,972.35,922.7,-5.10618,False,/home/goncalo/git/horizonsearch/tdmpc2-jax-codex/outputs/corl_pub_500k_v3/reacher-hard/clean/paper_horizon/s42,/home/goncalo/git/horizonsearch/tdmpc2-jax-codex/outputs/corl_pub_500k_v3/reacher-hard/clean/adaptive_rhs/s42
reacher-hard,clean,7,932.65,873.05,-6.3904,False,/home/goncalo/git/horizonsearch/tdmpc2-jax-codex/outputs/corl_pub_500k_v3/reacher-hard/clean/paper_horizon/s7,/home/goncalo/git/horizonsearch/tdmpc2-jax-codex/outputs/corl_pub_500k_v3/reacher-hard/clean/adaptive_rhs/s7
walker-run,chaos,1,596.752,605.954,1.54205,True,/home/goncalo/git/horizonsearch/tdmpc2-jax-codex/outputs/corl_pub_500k_v3/walker-run/chaos/paper_horizon/s1,/home/goncalo/git/horizonsearch/tdmpc2-jax-codex/outputs/corl_pub_500k_v3/walker-run/chaos/adaptive_rhs/s1
walker-run,chaos,15,594.096,602.725,1.45247,True,/home/goncalo/git/horizonsearch/tdmpc2-jax-codex/outputs/corl_pub_500k_v3/walker-run/chaos/paper_horizon/s15,/home/goncalo/git/horizonsearch/tdmpc2-jax-codex/outputs/corl_pub_500k_v3/walker-run/chaos/adaptive_rhs/s15
walker-run,chaos,23,577.065,622.352,7.84768,True,/home/goncalo/git/horizonsearch/tdmpc2-jax-codex/outputs/corl_pub_500k_v3/walker-run/chaos/paper_horizon/s23,/home/goncalo/git/horizonsearch/tdmpc2-jax-codex/outputs/corl_pub_500k_v3/walker-run/chaos/adaptive_rhs/s23
walker-run,chaos,31,578.13,554.966,-4.00671,False,/home/goncalo/git/horizonsearch/tdmpc2-jax-codex/outputs/corl_pub_500k_v3/walker-run/chaos/paper_horizon/s31,/home/goncalo/git/horizonsearch/tdmpc2-jax-codex/outputs/corl_pub_500k_v3/walker-run/chaos/adaptive_rhs/s31
walker-run,chaos,42,570.057,602.345,5.66392,True,/home/goncalo/git/horizonsearch/tdmpc2-jax-codex/outputs/corl_pub_500k_v3/walker-run/chaos/paper_horizon/s42,/home/goncalo/git/horizonsearch/tdmpc2-jax-codex/outputs/corl_pub_500k_v3/walker-run/chaos/adaptive_rhs/s42
walker-run,chaos,7,580.549,631.268,8.73641,True,/home/goncalo/git/horizonsearch/tdmpc2-jax-codex/outputs/corl_pub_500k_v3/walker-run/chaos/paper_horizon/s7,/home/goncalo/git/horizonsearch/tdmpc2-jax-codex/outputs/corl_pub_500k_v3/walker-run/chaos/adaptive_rhs/s7
walker-run,clean,1,852.51,852.145,-0.0427349,False,/home/goncalo/git/horizonsearch/tdmpc2-jax-codex/outputs/corl_pub_500k_v3/walker-run/clean/paper_horizon/s1,/home/goncalo/git/horizonsearch/tdmpc2-jax-codex/outputs/corl_pub_500k_v3/walker-run/clean/adaptive_rhs/s1
walker-run,clean,15,850.586,842.174,-0.989014,False,/home/goncalo/git/horizonsearch/tdmpc2-jax-codex/outputs/corl_pub_500k_v3/walker-run/clean/paper_horizon/s15,/home/goncalo/git/horizonsearch/tdmpc2-jax-codex/outputs/corl_pub_500k_v3/walker-run/clean/adaptive_rhs/s15
walker-run,clean,23,857.394,848.001,-1.09546,False,/home/goncalo/git/horizonsearch/tdmpc2-jax-codex/outputs/corl_pub_500k_v3/walker-run/clean/paper_horizon/s23,/home/goncalo/git/horizonsearch/tdmpc2-jax-codex/outputs/corl_pub_500k_v3/walker-run/clean/adaptive_rhs/s23
walker-run,clean,31,849.675,853.634,0.465941,True,/home/goncalo/git/horizonsearch/tdmpc2-jax-codex/outputs/corl_pub_500k_v3/walker-run/clean/paper_horizon/s31,/home/goncalo/git/horizonsearch/tdmpc2-jax-codex/outputs/corl_pub_500k_v3/walker-run/clean/adaptive_rhs/s31
walker-run,clean,42,855.137,849.568,-0.651245,False,/home/goncalo/git/horizonsearch/tdmpc2-jax-codex/outputs/corl_pub_500k_v3/walker-run/clean/paper_horizon/s42,/home/goncalo/git/horizonsearch/tdmpc2-jax-codex/outputs/corl_pub_500k_v3/walker-run/clean/adaptive_rhs/s42
walker-run,clean,7,850.496,837.79,-1.49397,False,/home/goncalo/git/horizonsearch/tdmpc2-jax-codex/outputs/corl_pub_500k_v3/walker-run/clean/paper_horizon/s7,/home/goncalo/git/horizonsearch/tdmpc2-jax-codex/outputs/corl_pub_500k_v3/walker-run/clean/adaptive_rhs/s7
